EuclidTest,1T 2T 3T 4F 5T,0,2024-11-10 20:07:44.607
AnagramTests,1T 2T 3T 4T 5T 6T 7T,1,2024-11-10 20:07:58.872
ArrayListMinPQTest,1T 2F 3T 4T 5T 6T 7T 8T 9T,0,2024-11-10 20:15:52.106
ArrayListMinPQTest,1T 2F 3T 4T 5T 6T 7T 8T 9T,0,2024-11-10 20:17:24.021
NGramCountingTests,1F 2T 3T 4F,0,2024-11-10 20:17:50.926
AnagramTests,1T 2T 3T 4T 5T 6T 7T,1,2024-11-14 09:33:28.559
AnagramTests,1T 2T 3T 4T 5T 6T 7T,1,2024-12-12 15:43:38.679
NGramCountingTests,1F 2T 3T 4F,0,2024-12-12 15:44:07.254
EfficientSearchTest,1T 2T 3T 4T 5T 6T,1,2025-03-09 22:54:19.684
EfficientSearchTest,1T 2T 3T 4T 5T 6T,1,2025-03-09 22:54:19.684AnagramTests,7T 8T 9T 10T 11T 12T 13T,1,2025-03-09 22:54:19.684
EfficientSearchTest,1T 2T 3T 4T 5T 6T,1,2025-03-09 22:54:19.684AnagramTests,7T 8T 9T 10T 11T 12T 13T,1,2025-03-09 22:54:19.684ShapeTest,14F 15T 16F 17F,0,2025-03-09 22:54:19.684
EfficientSearchTest,1T 2T 3T 4T 5T 6T,1,2025-03-09 22:54:19.684AnagramTests,7T 8T 9T 10T 11T 12T 13T,1,2025-03-09 22:54:19.684ShapeTest,14F 15T 16F 17F,0,2025-03-09 22:54:19.684NGramCountingTests,18F 19T 20T 21F,0,2025-03-09 22:54:19.684
EfficientSearchTest,1T 2T 3T 4T 5T 6T,1,2025-03-09 22:54:19.684AnagramTests,7T 8T 9T 10T 11T 12T 13T,1,2025-03-09 22:54:19.684ShapeTest,14F 15T 16F 17F,0,2025-03-09 22:54:19.684NGramCountingTests,18F 19T 20T 21F,0,2025-03-09 22:54:19.684EuclidTest,22T 23T 24T 25F 26T,0,2025-03-09 22:54:19.684
EfficientSearchTest,1T 2T 3T 4T 5T 6T,1,2025-03-09 22:54:19.684AnagramTests,7T 8T 9T 10T 11T 12T 13T,1,2025-03-09 22:54:19.684ShapeTest,14F 15T 16F 17F,0,2025-03-09 22:54:19.684NGramCountingTests,18F 19T 20T 21F,0,2025-03-09 22:54:19.684EuclidTest,22T 23T 24T 25F 26T,0,2025-03-09 22:54:19.684SortedLinkedListTests,27F 28F 29F 30F 31T,0,2025-03-09 22:54:19.684
EfficientSearchTest,1T 2T 3T 4T 5T 6T,1,2025-03-09 22:54:19.684AnagramTests,7T 8T 9T 10T 11T 12T 13T,1,2025-03-09 22:54:19.684ShapeTest,14F 15T 16F 17F,0,2025-03-09 22:54:19.684NGramCountingTests,18F 19T 20T 21F,0,2025-03-09 22:54:19.684EuclidTest,22T 23T 24T 25F 26T,0,2025-03-09 22:54:19.684SortedLinkedListTests,27F 28F 29F 30F 31T,0,2025-03-09 22:54:19.684ArrayListMinPQTest,32T 33F 34T 35T 36T 37T 38T 39T 40T,0,2025-03-09 22:54:19.684
EfficientSearchTest,1T 2T 3T 4T 5T 6T,1,2025-03-11 12:22:03.668
EfficientSearchTest,1T 2T 3T 4T 5T 6T,1,2025-03-11 12:22:03.668AnagramTests,7T 8T 9T 10T 11T 12T 13T,1,2025-03-11 12:22:03.668
EfficientSearchTest,1T 2T 3T 4T 5T 6T,1,2025-03-11 12:22:03.668AnagramTests,7T 8T 9T 10T 11T 12T 13T,1,2025-03-11 12:22:03.668ShapeTest,14F 15T 16F 17F,0,2025-03-11 12:22:03.668
EfficientSearchTest,1T 2T 3T 4T 5T 6T,1,2025-03-11 12:22:03.668AnagramTests,7T 8T 9T 10T 11T 12T 13T,1,2025-03-11 12:22:03.668ShapeTest,14F 15T 16F 17F,0,2025-03-11 12:22:03.668NGramCountingTests,18F 19T 20T 21F,0,2025-03-11 12:22:03.668
EfficientSearchTest,1T 2T 3T 4T 5T 6T,1,2025-03-11 12:22:03.668AnagramTests,7T 8T 9T 10T 11T 12T 13T,1,2025-03-11 12:22:03.668ShapeTest,14F 15T 16F 17F,0,2025-03-11 12:22:03.668NGramCountingTests,18F 19T 20T 21F,0,2025-03-11 12:22:03.668EuclidTest,22T 23T 24T 25F 26T,0,2025-03-11 12:22:03.668
EfficientSearchTest,1T 2T 3T 4T 5T 6T,1,2025-03-11 12:22:03.668AnagramTests,7T 8T 9T 10T 11T 12T 13T,1,2025-03-11 12:22:03.668ShapeTest,14F 15T 16F 17F,0,2025-03-11 12:22:03.668NGramCountingTests,18F 19T 20T 21F,0,2025-03-11 12:22:03.668EuclidTest,22T 23T 24T 25F 26T,0,2025-03-11 12:22:03.668SortedLinkedListTests,27F 28F 29F 30F 31T,0,2025-03-11 12:22:03.668
EfficientSearchTest,1T 2T 3T 4T 5T 6T,1,2025-03-11 12:22:03.668AnagramTests,7T 8T 9T 10T 11T 12T 13T,1,2025-03-11 12:22:03.668ShapeTest,14F 15T 16F 17F,0,2025-03-11 12:22:03.668NGramCountingTests,18F 19T 20T 21F,0,2025-03-11 12:22:03.668EuclidTest,22T 23T 24T 25F 26T,0,2025-03-11 12:22:03.668SortedLinkedListTests,27F 28F 29F 30F 31T,0,2025-03-11 12:22:03.668ArrayListMinPQTest,32T 33F 34T 35T 36T 37T 38T 39T 40T,0,2025-03-11 12:22:03.668
EfficientSearchTest,1T 2T 3T 4T 5T 6T,1,2025-03-17 11:42:39.686
EfficientSearchTest,1T 2T 3T 4T 5T 6T,1,2025-03-17 11:42:39.686AnagramTests,7T 8T 9T 10T 11T 12T 13T,1,2025-03-17 11:42:39.686
EfficientSearchTest,1T 2T 3T 4T 5T 6T,1,2025-03-17 11:42:39.686AnagramTests,7T 8T 9T 10T 11T 12T 13T,1,2025-03-17 11:42:39.686ShapeTest,14F 15T 16F 17F,0,2025-03-17 11:42:39.686
EfficientSearchTest,1T 2T 3T 4T 5T 6T,1,2025-03-17 11:42:39.686AnagramTests,7T 8T 9T 10T 11T 12T 13T,1,2025-03-17 11:42:39.686ShapeTest,14F 15T 16F 17F,0,2025-03-17 11:42:39.686NGramCountingTests,18F 19T 20T 21F,0,2025-03-17 11:42:39.686
EfficientSearchTest,1T 2T 3T 4T 5T 6T,1,2025-03-17 11:42:39.686AnagramTests,7T 8T 9T 10T 11T 12T 13T,1,2025-03-17 11:42:39.686ShapeTest,14F 15T 16F 17F,0,2025-03-17 11:42:39.686NGramCountingTests,18F 19T 20T 21F,0,2025-03-17 11:42:39.686EuclidTest,22T 23T 24T 25F 26T,0,2025-03-17 11:42:39.686
EfficientSearchTest,1T 2T 3T 4T 5T 6T,1,2025-03-17 11:42:39.686AnagramTests,7T 8T 9T 10T 11T 12T 13T,1,2025-03-17 11:42:39.686ShapeTest,14F 15T 16F 17F,0,2025-03-17 11:42:39.686NGramCountingTests,18F 19T 20T 21F,0,2025-03-17 11:42:39.686EuclidTest,22T 23T 24T 25F 26T,0,2025-03-17 11:42:39.686SortedLinkedListTests,27F 28F 29F 30F 31T,0,2025-03-17 11:42:39.686
EfficientSearchTest,1T 2T 3T 4T 5T 6T,1,2025-03-17 11:42:39.686AnagramTests,7T 8T 9T 10T 11T 12T 13T,1,2025-03-17 11:42:39.686ShapeTest,14F 15T 16F 17F,0,2025-03-17 11:42:39.686NGramCountingTests,18F 19T 20T 21F,0,2025-03-17 11:42:39.686EuclidTest,22T 23T 24T 25F 26T,0,2025-03-17 11:42:39.686SortedLinkedListTests,27F 28F 29F 30F 31T,0,2025-03-17 11:42:39.686ArrayListMinPQTest,32T 33F 34T 35T 36T 37T 38T 39T 40T,0,2025-03-17 11:42:39.686
EfficientSearchTest,1T 2T 3T 4T 5T 6T,1,2025-03-22 00:02:21.702
EfficientSearchTest,1T 2T 3T 4T 5T 6T,1,2025-03-22 00:02:21.702AnagramTests,7T 8T 9T 10T 11T 12T 13T,1,2025-03-22 00:02:21.702
EfficientSearchTest,1T 2T 3T 4T 5T 6T,1,2025-03-22 00:02:21.702AnagramTests,7T 8T 9T 10T 11T 12T 13T,1,2025-03-22 00:02:21.702ShapeTest,14F 15T 16F 17F,0,2025-03-22 00:02:21.702
EfficientSearchTest,1T 2T 3T 4T 5T 6T,1,2025-03-22 00:02:21.702AnagramTests,7T 8T 9T 10T 11T 12T 13T,1,2025-03-22 00:02:21.702ShapeTest,14F 15T 16F 17F,0,2025-03-22 00:02:21.702NGramCountingTests,18F 19T 20T 21F,0,2025-03-22 00:02:21.702
EfficientSearchTest,1T 2T 3T 4T 5T 6T,1,2025-03-22 00:02:21.702AnagramTests,7T 8T 9T 10T 11T 12T 13T,1,2025-03-22 00:02:21.702ShapeTest,14F 15T 16F 17F,0,2025-03-22 00:02:21.702NGramCountingTests,18F 19T 20T 21F,0,2025-03-22 00:02:21.702EuclidTest,22T 23T 24T 25F 26T,0,2025-03-22 00:02:21.702
EfficientSearchTest,1T 2T 3T 4T 5T 6T,1,2025-03-22 00:02:21.702AnagramTests,7T 8T 9T 10T 11T 12T 13T,1,2025-03-22 00:02:21.702ShapeTest,14F 15T 16F 17F,0,2025-03-22 00:02:21.702NGramCountingTests,18F 19T 20T 21F,0,2025-03-22 00:02:21.702EuclidTest,22T 23T 24T 25F 26T,0,2025-03-22 00:02:21.702SortedLinkedListTests,27F 28F 29F 30F 31T,0,2025-03-22 00:02:21.702
EfficientSearchTest,1T 2T 3T 4T 5T 6T,1,2025-03-22 00:02:21.702AnagramTests,7T 8T 9T 10T 11T 12T 13T,1,2025-03-22 00:02:21.702ShapeTest,14F 15T 16F 17F,0,2025-03-22 00:02:21.702NGramCountingTests,18F 19T 20T 21F,0,2025-03-22 00:02:21.702EuclidTest,22T 23T 24T 25F 26T,0,2025-03-22 00:02:21.702SortedLinkedListTests,27F 28F 29F 30F 31T,0,2025-03-22 00:02:21.702ArrayListMinPQTest,32T 33F 34T 35T 36T 37T 38T 39T 40T,0,2025-03-22 00:02:21.702
EfficientSearchTest,1T 2T 3T 4T 5T 6T,1,2025-03-22 00:02:43.725
EfficientSearchTest,1T 2T 3T 4T 5T 6T,1,2025-03-22 00:02:43.725AnagramTests,7T 8T 9T 10T 11T 12T 13T,1,2025-03-22 00:02:43.725
EfficientSearchTest,1T 2T 3T 4T 5T 6T,1,2025-03-22 00:02:43.725AnagramTests,7T 8T 9T 10T 11T 12T 13T,1,2025-03-22 00:02:43.725NGramCountingTests,14F 15T 16T 17F,0,2025-03-22 00:02:43.725
EfficientSearchTest,1T 2T 3T 4T 5T 6T,1,2025-03-22 00:02:43.725AnagramTests,7T 8T 9T 10T 11T 12T 13T,1,2025-03-22 00:02:43.725NGramCountingTests,14F 15T 16T 17F,0,2025-03-22 00:02:43.725EuclidTest,18T 19T 20T 21F 22T,0,2025-03-22 00:02:43.725
EfficientSearchTest,1T 2T 3T 4T 5T 6T,1,2025-03-22 00:02:43.725AnagramTests,7T 8T 9T 10T 11T 12T 13T,1,2025-03-22 00:02:43.725NGramCountingTests,14F 15T 16T 17F,0,2025-03-22 00:02:43.725EuclidTest,18T 19T 20T 21F 22T,0,2025-03-22 00:02:43.725SortedLinkedListTests,23F 24F 25F 26F 27T,0,2025-03-22 00:02:43.725
EfficientSearchTest,1T 2T 3T 4T 5T 6T,1,2025-03-22 00:02:43.725AnagramTests,7T 8T 9T 10T 11T 12T 13T,1,2025-03-22 00:02:43.725NGramCountingTests,14F 15T 16T 17F,0,2025-03-22 00:02:43.725EuclidTest,18T 19T 20T 21F 22T,0,2025-03-22 00:02:43.725SortedLinkedListTests,23F 24F 25F 26F 27T,0,2025-03-22 00:02:43.725ArrayListMinPQTest,28T 29F 30T 31T 32T 33T 34T 35T 36T,0,2025-03-22 00:02:43.725
EfficientSearchTest,1T 2T 3T 4T 5T 6T,1,2025-03-22 00:03:17.746
EfficientSearchTest,1T 2T 3T 4T 5T 6T,1,2025-03-22 00:03:17.746AnagramTests,7T 8T 9T 10T 11T 12T 13T,1,2025-03-22 00:03:17.746
EfficientSearchTest,1T 2T 3T 4T 5T 6T,1,2025-03-22 00:03:17.746AnagramTests,7T 8T 9T 10T 11T 12T 13T,1,2025-03-22 00:03:17.746NGramCountingTests,14F 15T 16T 17F,0,2025-03-22 00:03:17.746
EfficientSearchTest,1T 2T 3T 4T 5T 6T,1,2025-03-22 00:03:17.746AnagramTests,7T 8T 9T 10T 11T 12T 13T,1,2025-03-22 00:03:17.746NGramCountingTests,14F 15T 16T 17F,0,2025-03-22 00:03:17.746EuclidTest,18T 19T 20T 21F 22T,0,2025-03-22 00:03:17.746
EfficientSearchTest,1T 2T 3T 4T 5T 6T,1,2025-03-22 00:03:17.746AnagramTests,7T 8T 9T 10T 11T 12T 13T,1,2025-03-22 00:03:17.746NGramCountingTests,14F 15T 16T 17F,0,2025-03-22 00:03:17.746EuclidTest,18T 19T 20T 21F 22T,0,2025-03-22 00:03:17.746SortedLinkedListTests,23F 24F 25F 26F 27T,0,2025-03-22 00:03:17.746
EfficientSearchTest,1T 2T 3T 4T 5T 6T,1,2025-03-22 00:03:17.746AnagramTests,7T 8T 9T 10T 11T 12T 13T,1,2025-03-22 00:03:17.746NGramCountingTests,14F 15T 16T 17F,0,2025-03-22 00:03:17.746EuclidTest,18T 19T 20T 21F 22T,0,2025-03-22 00:03:17.746SortedLinkedListTests,23F 24F 25F 26F 27T,0,2025-03-22 00:03:17.746ArrayListMinPQTest,28T 29F 30T 31T 32T 33T 34T 35T 36T,0,2025-03-22 00:03:17.746
EfficientSearchTest,1T 2T 3T 4T 5T 6T,1,2025-03-22 00:07:29.41
EfficientSearchTest,1T 2T 3T 4T 5T 6T,1,2025-03-22 00:07:29.41AnagramTests,7T 8T 9T 10T 11T 12T 13T,1,2025-03-22 00:07:29.41
EfficientSearchTest,1T 2T 3T 4T 5T 6T,1,2025-03-22 00:07:29.41AnagramTests,7T 8T 9T 10T 11T 12T 13T,1,2025-03-22 00:07:29.41NGramCountingTests,14F 15T 16T 17F,0,2025-03-22 00:07:29.41
EfficientSearchTest,1T 2T 3T 4T 5T 6T,1,2025-03-22 00:07:29.41AnagramTests,7T 8T 9T 10T 11T 12T 13T,1,2025-03-22 00:07:29.41NGramCountingTests,14F 15T 16T 17F,0,2025-03-22 00:07:29.41EuclidTest,18T 19T 20T 21F 22T,0,2025-03-22 00:07:29.41
EfficientSearchTest,1T 2T 3T 4T 5T 6T,1,2025-03-22 00:07:29.41AnagramTests,7T 8T 9T 10T 11T 12T 13T,1,2025-03-22 00:07:29.41NGramCountingTests,14F 15T 16T 17F,0,2025-03-22 00:07:29.41EuclidTest,18T 19T 20T 21F 22T,0,2025-03-22 00:07:29.41SortedLinkedListTests,23F 24F 25F 26F 27T,0,2025-03-22 00:07:29.41
EfficientSearchTest,1T 2T 3T 4T 5T 6T,1,2025-03-22 00:07:29.41AnagramTests,7T 8T 9T 10T 11T 12T 13T,1,2025-03-22 00:07:29.41NGramCountingTests,14F 15T 16T 17F,0,2025-03-22 00:07:29.41EuclidTest,18T 19T 20T 21F 22T,0,2025-03-22 00:07:29.41SortedLinkedListTests,23F 24F 25F 26F 27T,0,2025-03-22 00:07:29.41ArrayListMinPQTest,28T 29F 30T 31T 32T 33T 34T 35T 36T,0,2025-03-22 00:07:29.41
EfficientSearchTest,1T 2T 3T 4T 5T 6T,1,2025-03-22 00:07:54.877
EfficientSearchTest,1T 2T 3T 4T 5T 6T,1,2025-03-22 00:07:54.877AnagramTests,7T 8T 9T 10T 11T 12T 13T,1,2025-03-22 00:07:54.877
EfficientSearchTest,1T 2T 3T 4T 5T 6T,1,2025-03-22 00:07:54.877AnagramTests,7T 8T 9T 10T 11T 12T 13T,1,2025-03-22 00:07:54.877NGramCountingTests,14F 15T 16T 17F,0,2025-03-22 00:07:54.877
EfficientSearchTest,1T 2T 3T 4T 5T 6T,1,2025-03-22 00:07:54.877AnagramTests,7T 8T 9T 10T 11T 12T 13T,1,2025-03-22 00:07:54.877NGramCountingTests,14F 15T 16T 17F,0,2025-03-22 00:07:54.877EuclidTest,18T 19T 20T 21F 22T,0,2025-03-22 00:07:54.877
EfficientSearchTest,1T 2T 3T 4T 5T 6T,1,2025-03-22 00:07:54.877AnagramTests,7T 8T 9T 10T 11T 12T 13T,1,2025-03-22 00:07:54.877NGramCountingTests,14F 15T 16T 17F,0,2025-03-22 00:07:54.877EuclidTest,18T 19T 20T 21F 22T,0,2025-03-22 00:07:54.877SortedLinkedListTests,23F 24F 25F 26F 27T,0,2025-03-22 00:07:54.877
EfficientSearchTest,1T 2T 3T 4T 5T 6T,1,2025-03-22 00:07:54.877AnagramTests,7T 8T 9T 10T 11T 12T 13T,1,2025-03-22 00:07:54.877NGramCountingTests,14F 15T 16T 17F,0,2025-03-22 00:07:54.877EuclidTest,18T 19T 20T 21F 22T,0,2025-03-22 00:07:54.877SortedLinkedListTests,23F 24F 25F 26F 27T,0,2025-03-22 00:07:54.877ArrayListMinPQTest,28T 29F 30T 31T 32T 33T 34T 35T 36T,0,2025-03-22 00:07:54.877
EfficientSearchTest,1T 2T 3T 4T 5T 6T,1,2025-03-22 00:43:35.103
EfficientSearchTest,1T 2T 3T 4T 5T 6T,1,2025-03-22 00:43:35.103AnagramTests,7T 8T 9T 10T 11T 12T 13T,1,2025-03-22 00:43:35.103
EfficientSearchTest,1T 2T 3T 4T 5T 6T,1,2025-03-22 00:43:35.103AnagramTests,7T 8T 9T 10T 11T 12T 13T,1,2025-03-22 00:43:35.103NGramCountingTests,14F 15T 16T 17F,0,2025-03-22 00:43:35.103
EfficientSearchTest,1T 2T 3T 4T 5T 6T,1,2025-03-22 00:43:35.103AnagramTests,7T 8T 9T 10T 11T 12T 13T,1,2025-03-22 00:43:35.103NGramCountingTests,14F 15T 16T 17F,0,2025-03-22 00:43:35.103EuclidTest,18T 19T 20T 21F 22T,0,2025-03-22 00:43:35.103
EfficientSearchTest,1T 2T 3T 4T 5T 6T,1,2025-03-22 00:43:35.103AnagramTests,7T 8T 9T 10T 11T 12T 13T,1,2025-03-22 00:43:35.103NGramCountingTests,14F 15T 16T 17F,0,2025-03-22 00:43:35.103EuclidTest,18T 19T 20T 21F 22T,0,2025-03-22 00:43:35.103SortedLinkedListTests,23F 24F 25F 26F 27T,0,2025-03-22 00:43:35.103
EfficientSearchTest,1T 2T 3T 4T 5T 6T,1,2025-03-22 00:43:35.103AnagramTests,7T 8T 9T 10T 11T 12T 13T,1,2025-03-22 00:43:35.103NGramCountingTests,14F 15T 16T 17F,0,2025-03-22 00:43:35.103EuclidTest,18T 19T 20T 21F 22T,0,2025-03-22 00:43:35.103SortedLinkedListTests,23F 24F 25F 26F 27T,0,2025-03-22 00:43:35.103ArrayListMinPQTest,28T 29F 30T 31T 32T 33T 34T 35T 36T,0,2025-03-22 00:43:35.103
EfficientSearchTest,1T 2T 3T 4T 5T 6T,1,2025-03-22 00:45:20.467
EfficientSearchTest,1T 2T 3T 4T 5T 6T,1,2025-03-22 00:45:20.467AnagramTests,7T 8T 9T 10T 11T 12T 13T,1,2025-03-22 00:45:20.467
EfficientSearchTest,1T 2T 3T 4T 5T 6T,1,2025-03-22 00:45:20.467AnagramTests,7T 8T 9T 10T 11T 12T 13T,1,2025-03-22 00:45:20.467NGramCountingTests,14F 15T 16T 17F,0,2025-03-22 00:45:20.467
EfficientSearchTest,1T 2T 3T 4T 5T 6T,1,2025-03-22 00:45:20.467AnagramTests,7T 8T 9T 10T 11T 12T 13T,1,2025-03-22 00:45:20.467NGramCountingTests,14F 15T 16T 17F,0,2025-03-22 00:45:20.467EuclidTest,18T 19T 20T 21F 22T,0,2025-03-22 00:45:20.467
EfficientSearchTest,1T 2T 3T 4T 5T 6T,1,2025-03-22 00:45:20.467AnagramTests,7T 8T 9T 10T 11T 12T 13T,1,2025-03-22 00:45:20.467NGramCountingTests,14F 15T 16T 17F,0,2025-03-22 00:45:20.467EuclidTest,18T 19T 20T 21F 22T,0,2025-03-22 00:45:20.467SortedLinkedListTests,23F 24F 25F 26F 27T,0,2025-03-22 00:45:20.467
EfficientSearchTest,1T 2T 3T 4T 5T 6T,1,2025-03-22 00:45:20.467AnagramTests,7T 8T 9T 10T 11T 12T 13T,1,2025-03-22 00:45:20.467NGramCountingTests,14F 15T 16T 17F,0,2025-03-22 00:45:20.467EuclidTest,18T 19T 20T 21F 22T,0,2025-03-22 00:45:20.467SortedLinkedListTests,23F 24F 25F 26F 27T,0,2025-03-22 00:45:20.467ArrayListMinPQTest,28T 29F 30T 31T 32T 33T 34T 35T 36T,0,2025-03-22 00:45:20.467
EfficientSearchTest,1T 2T 3T 4T 5T 6T,1,2025-03-22 00:46:07.377
EfficientSearchTest,1T 2T 3T 4T 5T 6T,1,2025-03-22 00:46:07.377AnagramTests,7T 8T 9T 10T 11T 12T 13T,1,2025-03-22 00:46:07.377
EfficientSearchTest,1T 2T 3T 4T 5T 6T,1,2025-03-22 00:46:07.377AnagramTests,7T 8T 9T 10T 11T 12T 13T,1,2025-03-22 00:46:07.377NGramCountingTests,14F 15T 16T 17F,0,2025-03-22 00:46:07.377
EfficientSearchTest,1T 2T 3T 4T 5T 6T,1,2025-03-22 00:46:07.377AnagramTests,7T 8T 9T 10T 11T 12T 13T,1,2025-03-22 00:46:07.377NGramCountingTests,14F 15T 16T 17F,0,2025-03-22 00:46:07.377EuclidTest,18T 19T 20T 21F 22T,0,2025-03-22 00:46:07.377
EfficientSearchTest,1T 2T 3T 4T 5T 6T,1,2025-03-22 00:46:07.377AnagramTests,7T 8T 9T 10T 11T 12T 13T,1,2025-03-22 00:46:07.377NGramCountingTests,14F 15T 16T 17F,0,2025-03-22 00:46:07.377EuclidTest,18T 19T 20T 21F 22T,0,2025-03-22 00:46:07.377SortedLinkedListTests,23F 24F 25F 26F 27T,0,2025-03-22 00:46:07.377
EfficientSearchTest,1T 2T 3T 4T 5T 6T,1,2025-03-22 00:46:07.377AnagramTests,7T 8T 9T 10T 11T 12T 13T,1,2025-03-22 00:46:07.377NGramCountingTests,14F 15T 16T 17F,0,2025-03-22 00:46:07.377EuclidTest,18T 19T 20T 21F 22T,0,2025-03-22 00:46:07.377SortedLinkedListTests,23F 24F 25F 26F 27T,0,2025-03-22 00:46:07.377ArrayListMinPQTest,28T 29F 30T 31T 32T 33T 34T 35T 36T,0,2025-03-22 00:46:07.377
EfficientSearchTest,1T 2T 3T 4T 5T 6T,1,2025-03-22 00:46:34.231
EfficientSearchTest,1T 2T 3T 4T 5T 6T,1,2025-03-22 00:46:34.231AnagramTests,7T 8T 9T 10T 11T 12T 13T,1,2025-03-22 00:46:34.231
EfficientSearchTest,1T 2T 3T 4T 5T 6T,1,2025-03-22 00:46:34.231AnagramTests,7T 8T 9T 10T 11T 12T 13T,1,2025-03-22 00:46:34.231NGramCountingTests,14F 15T 16T 17F,0,2025-03-22 00:46:34.231
EfficientSearchTest,1T 2T 3T 4T 5T 6T,1,2025-03-22 00:46:34.231AnagramTests,7T 8T 9T 10T 11T 12T 13T,1,2025-03-22 00:46:34.231NGramCountingTests,14F 15T 16T 17F,0,2025-03-22 00:46:34.231EuclidTest,18T 19T 20T 21F 22T,0,2025-03-22 00:46:34.231
EfficientSearchTest,1T 2T 3T 4T 5T 6T,1,2025-03-22 00:46:34.231AnagramTests,7T 8T 9T 10T 11T 12T 13T,1,2025-03-22 00:46:34.231NGramCountingTests,14F 15T 16T 17F,0,2025-03-22 00:46:34.231EuclidTest,18T 19T 20T 21F 22T,0,2025-03-22 00:46:34.231SortedLinkedListTests,23F 24F 25F 26F 27T,0,2025-03-22 00:46:34.231
EfficientSearchTest,1T 2T 3T 4T 5T 6T,1,2025-03-22 00:46:34.231AnagramTests,7T 8T 9T 10T 11T 12T 13T,1,2025-03-22 00:46:34.231NGramCountingTests,14F 15T 16T 17F,0,2025-03-22 00:46:34.231EuclidTest,18T 19T 20T 21F 22T,0,2025-03-22 00:46:34.231SortedLinkedListTests,23F 24F 25F 26F 27T,0,2025-03-22 00:46:34.231ArrayListMinPQTest,28T 29F 30T 31T 32T 33T 34T 35T 36T,0,2025-03-22 00:46:34.231
EfficientSearchTest,1T 2T 3T 4T 5T 6T,1,2025-03-22 00:47:36.938
EfficientSearchTest,1T 2T 3T 4T 5T 6T,1,2025-03-22 00:47:36.938AnagramTests,7T 8T 9T 10T 11T 12T 13T,1,2025-03-22 00:47:36.938
EfficientSearchTest,1T 2T 3T 4T 5T 6T,1,2025-03-22 00:47:36.938AnagramTests,7T 8T 9T 10T 11T 12T 13T,1,2025-03-22 00:47:36.938NGramCountingTests,14F 15T 16T 17F,0,2025-03-22 00:47:36.938
EfficientSearchTest,1T 2T 3T 4T 5T 6T,1,2025-03-22 00:47:36.938AnagramTests,7T 8T 9T 10T 11T 12T 13T,1,2025-03-22 00:47:36.938NGramCountingTests,14F 15T 16T 17F,0,2025-03-22 00:47:36.938EuclidTest,18T 19T 20T 21F 22T,0,2025-03-22 00:47:36.938
EfficientSearchTest,1T 2T 3T 4T 5T 6T,1,2025-03-22 00:47:36.938AnagramTests,7T 8T 9T 10T 11T 12T 13T,1,2025-03-22 00:47:36.938NGramCountingTests,14F 15T 16T 17F,0,2025-03-22 00:47:36.938EuclidTest,18T 19T 20T 21F 22T,0,2025-03-22 00:47:36.938SortedLinkedListTests,23F 24F 25F 26F 27T,0,2025-03-22 00:47:36.938
EfficientSearchTest,1T 2T 3T 4T 5T 6T,1,2025-03-22 00:47:36.938AnagramTests,7T 8T 9T 10T 11T 12T 13T,1,2025-03-22 00:47:36.938NGramCountingTests,14F 15T 16T 17F,0,2025-03-22 00:47:36.938EuclidTest,18T 19T 20T 21F 22T,0,2025-03-22 00:47:36.938SortedLinkedListTests,23F 24F 25F 26F 27T,0,2025-03-22 00:47:36.938ArrayListMinPQTest,28T 29F 30T 31T 32T 33T 34T 35T 36T,0,2025-03-22 00:47:36.938
EfficientSearchTest,1T 2T 3T 4T 5T 6T,1,2025-03-22 00:50:02.066
EfficientSearchTest,1T 2T 3T 4T 5T 6T,1,2025-03-22 00:50:02.066AnagramTests,7T 8T 9T 10T 11T 12T 13T,1,2025-03-22 00:50:02.066
EfficientSearchTest,1T 2T 3T 4T 5T 6T,1,2025-03-22 00:50:02.066AnagramTests,7T 8T 9T 10T 11T 12T 13T,1,2025-03-22 00:50:02.066NGramCountingTests,14F 15T 16T 17F,0,2025-03-22 00:50:02.066
EfficientSearchTest,1T 2T 3T 4T 5T 6T,1,2025-03-22 00:50:02.066AnagramTests,7T 8T 9T 10T 11T 12T 13T,1,2025-03-22 00:50:02.066NGramCountingTests,14F 15T 16T 17F,0,2025-03-22 00:50:02.066EuclidTest,18T 19T 20T 21F 22T,0,2025-03-22 00:50:02.066
EfficientSearchTest,1T 2T 3T 4T 5T 6T,1,2025-03-22 00:50:02.066AnagramTests,7T 8T 9T 10T 11T 12T 13T,1,2025-03-22 00:50:02.066NGramCountingTests,14F 15T 16T 17F,0,2025-03-22 00:50:02.066EuclidTest,18T 19T 20T 21F 22T,0,2025-03-22 00:50:02.066SortedLinkedListTests,23F 24F 25F 26F 27T,0,2025-03-22 00:50:02.066
EfficientSearchTest,1T 2T 3T 4T 5T 6T,1,2025-03-22 00:50:02.066AnagramTests,7T 8T 9T 10T 11T 12T 13T,1,2025-03-22 00:50:02.066NGramCountingTests,14F 15T 16T 17F,0,2025-03-22 00:50:02.066EuclidTest,18T 19T 20T 21F 22T,0,2025-03-22 00:50:02.066SortedLinkedListTests,23F 24F 25F 26F 27T,0,2025-03-22 00:50:02.066ArrayListMinPQTest,28T 29F 30T 31T 32T 33T 34T 35T 36T,0,2025-03-22 00:50:02.066
EfficientSearchTest,1T 2T 3T 4T 5T 6T,1,2025-03-22 00:51:14.44
EfficientSearchTest,1T 2T 3T 4T 5T 6T,1,2025-03-22 00:54:24.079
EfficientSearchTest,1T 2T 3T 4T 5T 6T,1,2025-03-22 00:56:25.488
EfficientSearchTest,1T 2T 3T 4T 5T 6T,1,2025-03-22 00:56:25.488AnagramTests,7T 8T 9T 10T 11T 12T 13T,1,2025-03-22 00:56:25.488
EfficientSearchTest,1T 2T 3T 4T 5T 6T,1,2025-03-22 00:56:25.488AnagramTests,7T 8T 9T 10T 11T 12T 13T,1,2025-03-22 00:56:25.488NGramCountingTests,14F 15T 16T 17F,0,2025-03-22 00:56:25.488
EfficientSearchTest,1T 2T 3T 4T 5T 6T,1,2025-03-22 00:56:25.488AnagramTests,7T 8T 9T 10T 11T 12T 13T,1,2025-03-22 00:56:25.488NGramCountingTests,14F 15T 16T 17F,0,2025-03-22 00:56:25.488EuclidTest,18T 19T 20T 21F 22T,0,2025-03-22 00:56:25.488
EfficientSearchTest,1T 2T 3T 4T 5T 6T,1,2025-03-22 00:56:25.488AnagramTests,7T 8T 9T 10T 11T 12T 13T,1,2025-03-22 00:56:25.488NGramCountingTests,14F 15T 16T 17F,0,2025-03-22 00:56:25.488EuclidTest,18T 19T 20T 21F 22T,0,2025-03-22 00:56:25.488SortedLinkedListTests,23F 24F 25F 26F 27T,0,2025-03-22 00:56:25.488
EfficientSearchTest,1T 2T 3T 4T 5T 6T,1,2025-03-22 00:56:25.488AnagramTests,7T 8T 9T 10T 11T 12T 13T,1,2025-03-22 00:56:25.488NGramCountingTests,14F 15T 16T 17F,0,2025-03-22 00:56:25.488EuclidTest,18T 19T 20T 21F 22T,0,2025-03-22 00:56:25.488SortedLinkedListTests,23F 24F 25F 26F 27T,0,2025-03-22 00:56:25.488ArrayListMinPQTest,28T 29F 30T 31T 32T 33T 34T 35T 36T,0,2025-03-22 00:56:25.488
EfficientSearchTest,1T 2T 3T 4T 5T 6T,1,2025-03-22 01:00:43.398
EfficientSearchTest,1T 2T 3T 4T 5T 6T,1,2025-03-22 01:00:43.398AnagramTests,7T 8T 9T 10T 11T 12T 13T,1,2025-03-22 01:00:43.398
EfficientSearchTest,1T 2T 3T 4T 5T 6T,1,2025-03-22 01:00:43.398AnagramTests,7T 8T 9T 10T 11T 12T 13T,1,2025-03-22 01:00:43.398NGramCountingTests,14F 15T 16T 17F,0,2025-03-22 01:00:43.398
EfficientSearchTest,1T 2T 3T 4T 5T 6T,1,2025-03-22 01:00:43.398AnagramTests,7T 8T 9T 10T 11T 12T 13T,1,2025-03-22 01:00:43.398NGramCountingTests,14F 15T 16T 17F,0,2025-03-22 01:00:43.398EuclidTest,18T 19T 20T 21F 22T,0,2025-03-22 01:00:43.398
EfficientSearchTest,1T 2T 3T 4T 5T 6T,1,2025-03-22 01:00:43.398AnagramTests,7T 8T 9T 10T 11T 12T 13T,1,2025-03-22 01:00:43.398NGramCountingTests,14F 15T 16T 17F,0,2025-03-22 01:00:43.398EuclidTest,18T 19T 20T 21F 22T,0,2025-03-22 01:00:43.398SortedLinkedListTests,23F 24F 25F 26F 27T,0,2025-03-22 01:00:43.398
EfficientSearchTest,1T 2T 3T 4T 5T 6T,1,2025-03-22 01:00:43.398AnagramTests,7T 8T 9T 10T 11T 12T 13T,1,2025-03-22 01:00:43.398NGramCountingTests,14F 15T 16T 17F,0,2025-03-22 01:00:43.398EuclidTest,18T 19T 20T 21F 22T,0,2025-03-22 01:00:43.398SortedLinkedListTests,23F 24F 25F 26F 27T,0,2025-03-22 01:00:43.398ArrayListMinPQTest,28T 29F 30T 31T 32T 33T 34T 35T 36T,0,2025-03-22 01:00:43.398
EfficientSearchTest,1T 2T 3T 4T 5T 6T,1,2025-03-22 01:01:36.458
EfficientSearchTest,1T 2T 3T 4T 5T 6T,1,2025-03-22 01:01:36.458AnagramTests,7T 8T 9T 10T 11T 12T 13T,1,2025-03-22 01:01:36.458
EfficientSearchTest,1T 2T 3T 4T 5T 6T,1,2025-03-22 01:01:36.458AnagramTests,7T 8T 9T 10T 11T 12T 13T,1,2025-03-22 01:01:36.458ShapeTest,14F 15T 16F 17F,0,2025-03-22 01:01:36.458
EfficientSearchTest,1T 2T 3T 4T 5T 6T,1,2025-03-22 01:01:36.458AnagramTests,7T 8T 9T 10T 11T 12T 13T,1,2025-03-22 01:01:36.458ShapeTest,14F 15T 16F 17F,0,2025-03-22 01:01:36.458NGramCountingTests,18F 19T 20T 21F,0,2025-03-22 01:01:36.458
EfficientSearchTest,1T 2T 3T 4T 5T 6T,1,2025-03-22 01:01:36.458AnagramTests,7T 8T 9T 10T 11T 12T 13T,1,2025-03-22 01:01:36.458ShapeTest,14F 15T 16F 17F,0,2025-03-22 01:01:36.458NGramCountingTests,18F 19T 20T 21F,0,2025-03-22 01:01:36.458EuclidTest,22T 23T 24T 25F 26T,0,2025-03-22 01:01:36.458
EfficientSearchTest,1T 2T 3T 4T 5T 6T,1,2025-03-22 01:01:36.458AnagramTests,7T 8T 9T 10T 11T 12T 13T,1,2025-03-22 01:01:36.458ShapeTest,14F 15T 16F 17F,0,2025-03-22 01:01:36.458NGramCountingTests,18F 19T 20T 21F,0,2025-03-22 01:01:36.458EuclidTest,22T 23T 24T 25F 26T,0,2025-03-22 01:01:36.458SortedLinkedListTests,27F 28F 29F 30F 31T,0,2025-03-22 01:01:36.458
EfficientSearchTest,1T 2T 3T 4T 5T 6T,1,2025-03-22 01:01:36.458AnagramTests,7T 8T 9T 10T 11T 12T 13T,1,2025-03-22 01:01:36.458ShapeTest,14F 15T 16F 17F,0,2025-03-22 01:01:36.458NGramCountingTests,18F 19T 20T 21F,0,2025-03-22 01:01:36.458EuclidTest,22T 23T 24T 25F 26T,0,2025-03-22 01:01:36.458SortedLinkedListTests,27F 28F 29F 30F 31T,0,2025-03-22 01:01:36.458ArrayListMinPQTest,32T 33F 34T 35T 36T 37T 38T 39T 40T,0,2025-03-22 01:01:36.458
EfficientSearchTest,1T 2T 3T 4T 5T 6T,1,2025-03-22 11:39:34.798
EfficientSearchTest,1T 2T 3T 4T 5T 6T,1,2025-03-22 11:39:34.798AnagramTests,7T 8T 9T 10T 11T 12T 13T,1,2025-03-22 11:39:34.798
EfficientSearchTest,1T 2T 3T 4T 5T 6T,1,2025-03-22 11:39:34.798AnagramTests,7T 8T 9T 10T 11T 12T 13T,1,2025-03-22 11:39:34.798ShapeTest,14F 15T 16F 17F,0,2025-03-22 11:39:34.798
EfficientSearchTest,1T 2T 3T 4T 5T 6T,1,2025-03-22 11:39:34.798AnagramTests,7T 8T 9T 10T 11T 12T 13T,1,2025-03-22 11:39:34.798ShapeTest,14F 15T 16F 17F,0,2025-03-22 11:39:34.798NGramCountingTests,18F 19T 20T 21F,0,2025-03-22 11:39:34.798
EfficientSearchTest,1T 2T 3T 4T 5T 6T,1,2025-03-22 11:39:34.798AnagramTests,7T 8T 9T 10T 11T 12T 13T,1,2025-03-22 11:39:34.798ShapeTest,14F 15T 16F 17F,0,2025-03-22 11:39:34.798NGramCountingTests,18F 19T 20T 21F,0,2025-03-22 11:39:34.798EuclidTest,22T 23T 24T 25F 26T,0,2025-03-22 11:39:34.798
EfficientSearchTest,1T 2T 3T 4T 5T 6T,1,2025-03-22 11:39:34.798AnagramTests,7T 8T 9T 10T 11T 12T 13T,1,2025-03-22 11:39:34.798ShapeTest,14F 15T 16F 17F,0,2025-03-22 11:39:34.798NGramCountingTests,18F 19T 20T 21F,0,2025-03-22 11:39:34.798EuclidTest,22T 23T 24T 25F 26T,0,2025-03-22 11:39:34.798SortedLinkedListTests,27F 28F 29F 30F 31T,0,2025-03-22 11:39:34.798
EfficientSearchTest,1T 2T 3T 4T 5T 6T,1,2025-03-22 11:39:34.798AnagramTests,7T 8T 9T 10T 11T 12T 13T,1,2025-03-22 11:39:34.798ShapeTest,14F 15T 16F 17F,0,2025-03-22 11:39:34.798NGramCountingTests,18F 19T 20T 21F,0,2025-03-22 11:39:34.798EuclidTest,22T 23T 24T 25F 26T,0,2025-03-22 11:39:34.798SortedLinkedListTests,27F 28F 29F 30F 31T,0,2025-03-22 11:39:34.798ArrayListMinPQTest,32T 33F 34T 35T 36T 37T 38T 39T 40T,0,2025-03-22 11:39:34.798
EfficientSearchTest,1T 2T 3T 4T 5T 6T,1,2025-03-22 11:41:54.562
EfficientSearchTest,1T 2T 3T 4T 5T 6T,1,2025-03-22 11:41:54.562AnagramTests,7T 8T 9T 10T 11T 12T 13T,1,2025-03-22 11:41:54.562
EfficientSearchTest,1T 2T 3T 4T 5T 6T,1,2025-03-22 11:41:54.562AnagramTests,7T 8T 9T 10T 11T 12T 13T,1,2025-03-22 11:41:54.562ShapeTest,14F 15T 16F 17F,0,2025-03-22 11:41:54.562
EfficientSearchTest,1T 2T 3T 4T 5T 6T,1,2025-03-22 11:41:54.562AnagramTests,7T 8T 9T 10T 11T 12T 13T,1,2025-03-22 11:41:54.562ShapeTest,14F 15T 16F 17F,0,2025-03-22 11:41:54.562NGramCountingTests,18F 19T 20T 21F,0,2025-03-22 11:41:54.562
EfficientSearchTest,1T 2T 3T 4T 5T 6T,1,2025-03-22 11:41:54.562AnagramTests,7T 8T 9T 10T 11T 12T 13T,1,2025-03-22 11:41:54.562ShapeTest,14F 15T 16F 17F,0,2025-03-22 11:41:54.562NGramCountingTests,18F 19T 20T 21F,0,2025-03-22 11:41:54.562EuclidTest,22T 23T 24T 25F 26T,0,2025-03-22 11:41:54.562
EfficientSearchTest,1T 2T 3T 4T 5T 6T,1,2025-03-22 11:41:54.562AnagramTests,7T 8T 9T 10T 11T 12T 13T,1,2025-03-22 11:41:54.562ShapeTest,14F 15T 16F 17F,0,2025-03-22 11:41:54.562NGramCountingTests,18F 19T 20T 21F,0,2025-03-22 11:41:54.562EuclidTest,22T 23T 24T 25F 26T,0,2025-03-22 11:41:54.562SortedLinkedListTests,27F 28F 29F 30F 31T,0,2025-03-22 11:41:54.562
EfficientSearchTest,1T 2T 3T 4T 5T 6T,1,2025-03-22 11:41:54.562AnagramTests,7T 8T 9T 10T 11T 12T 13T,1,2025-03-22 11:41:54.562ShapeTest,14F 15T 16F 17F,0,2025-03-22 11:41:54.562NGramCountingTests,18F 19T 20T 21F,0,2025-03-22 11:41:54.562EuclidTest,22T 23T 24T 25F 26T,0,2025-03-22 11:41:54.562SortedLinkedListTests,27F 28F 29F 30F 31T,0,2025-03-22 11:41:54.562ArrayListMinPQTest,32T 33F 34T 35T 36T 37T 38T 39T 40T,0,2025-03-22 11:41:54.562
EfficientSearchTest,1T 2T 3T 4T 5T 6T,1,2025-03-22 11:44:08.603
EfficientSearchTest,1T 2T 3T 4T 5T 6T,1,2025-03-22 11:44:08.603AnagramTests,7T 8T 9T 10T 11T 12T 13T,1,2025-03-22 11:44:08.603
EfficientSearchTest,1T 2T 3T 4T 5T 6T,1,2025-03-22 11:44:08.603AnagramTests,7T 8T 9T 10T 11T 12T 13T,1,2025-03-22 11:44:08.603ShapeTest,14F 15T 16F 17F,0,2025-03-22 11:44:08.603
EfficientSearchTest,1T 2T 3T 4T 5T 6T,1,2025-03-22 11:44:08.603AnagramTests,7T 8T 9T 10T 11T 12T 13T,1,2025-03-22 11:44:08.603ShapeTest,14F 15T 16F 17F,0,2025-03-22 11:44:08.603NGramCountingTests,18F 19T 20T 21F,0,2025-03-22 11:44:08.603
EfficientSearchTest,1T 2T 3T 4T 5T 6T,1,2025-03-22 11:44:08.603AnagramTests,7T 8T 9T 10T 11T 12T 13T,1,2025-03-22 11:44:08.603ShapeTest,14F 15T 16F 17F,0,2025-03-22 11:44:08.603NGramCountingTests,18F 19T 20T 21F,0,2025-03-22 11:44:08.603EuclidTest,22T 23T 24T 25F 26T,0,2025-03-22 11:44:08.603
EfficientSearchTest,1T 2T 3T 4T 5T 6T,1,2025-03-22 11:44:08.603AnagramTests,7T 8T 9T 10T 11T 12T 13T,1,2025-03-22 11:44:08.603ShapeTest,14F 15T 16F 17F,0,2025-03-22 11:44:08.603NGramCountingTests,18F 19T 20T 21F,0,2025-03-22 11:44:08.603EuclidTest,22T 23T 24T 25F 26T,0,2025-03-22 11:44:08.603SortedLinkedListTests,27F 28F 29F 30F 31T,0,2025-03-22 11:44:08.603
EfficientSearchTest,1T 2T 3T 4T 5T 6T,1,2025-03-22 11:44:08.603AnagramTests,7T 8T 9T 10T 11T 12T 13T,1,2025-03-22 11:44:08.603ShapeTest,14F 15T 16F 17F,0,2025-03-22 11:44:08.603NGramCountingTests,18F 19T 20T 21F,0,2025-03-22 11:44:08.603EuclidTest,22T 23T 24T 25F 26T,0,2025-03-22 11:44:08.603SortedLinkedListTests,27F 28F 29F 30F 31T,0,2025-03-22 11:44:08.603ArrayListMinPQTest,32T 33F 34T 35T 36T 37T 38T 39T 40T,0,2025-03-22 11:44:08.603
EfficientSearchTest,1T 2T 3T 4T 5T 6T,1,2025-03-22 11:44:58.403
EfficientSearchTest,1T 2T 3T 4T 5T 6T,1,2025-03-22 11:44:58.403AnagramTests,7T 8T 9T 10T 11T 12T 13T,1,2025-03-22 11:44:58.403
EfficientSearchTest,1T 2T 3T 4T 5T 6T,1,2025-03-22 11:44:58.403AnagramTests,7T 8T 9T 10T 11T 12T 13T,1,2025-03-22 11:44:58.403ShapeTest,14F 15T 16F 17F,0,2025-03-22 11:44:58.403
EfficientSearchTest,1T 2T 3T 4T 5T 6T,1,2025-03-22 11:44:58.403AnagramTests,7T 8T 9T 10T 11T 12T 13T,1,2025-03-22 11:44:58.403ShapeTest,14F 15T 16F 17F,0,2025-03-22 11:44:58.403NGramCountingTests,18F 19T 20T 21F,0,2025-03-22 11:44:58.403
EfficientSearchTest,1T 2T 3T 4T 5T 6T,1,2025-03-22 11:44:58.403AnagramTests,7T 8T 9T 10T 11T 12T 13T,1,2025-03-22 11:44:58.403ShapeTest,14F 15T 16F 17F,0,2025-03-22 11:44:58.403NGramCountingTests,18F 19T 20T 21F,0,2025-03-22 11:44:58.403EuclidTest,22T 23T 24T 25F 26T,0,2025-03-22 11:44:58.403
EfficientSearchTest,1T 2T 3T 4T 5T 6T,1,2025-03-22 11:44:58.403AnagramTests,7T 8T 9T 10T 11T 12T 13T,1,2025-03-22 11:44:58.403ShapeTest,14F 15T 16F 17F,0,2025-03-22 11:44:58.403NGramCountingTests,18F 19T 20T 21F,0,2025-03-22 11:44:58.403EuclidTest,22T 23T 24T 25F 26T,0,2025-03-22 11:44:58.403SortedLinkedListTests,27F 28F 29F 30F 31T,0,2025-03-22 11:44:58.403
EfficientSearchTest,1T 2T 3T 4T 5T 6T,1,2025-03-22 11:44:58.403AnagramTests,7T 8T 9T 10T 11T 12T 13T,1,2025-03-22 11:44:58.403ShapeTest,14F 15T 16F 17F,0,2025-03-22 11:44:58.403NGramCountingTests,18F 19T 20T 21F,0,2025-03-22 11:44:58.403EuclidTest,22T 23T 24T 25F 26T,0,2025-03-22 11:44:58.403SortedLinkedListTests,27F 28F 29F 30F 31T,0,2025-03-22 11:44:58.403ArrayListMinPQTest,32T 33F 34T 35T 36T 37T 38T 39T 40T,0,2025-03-22 11:44:58.403
ShapeTest,1T,1,2025-03-22 11:45:22.633
EfficientSearchTest,1T 2T 3T 4T 5T 6T,1,2025-03-22 12:16:46.096
EfficientSearchTest,1T 2T 3T 4T 5T 6T,1,2025-03-22 12:16:46.096AnagramTests,7T 8T 9T 10T 11T 12T 13T,1,2025-03-22 12:16:46.096
EfficientSearchTest,1T 2T 3T 4T 5T 6T,1,2025-03-22 12:16:46.096AnagramTests,7T 8T 9T 10T 11T 12T 13T,1,2025-03-22 12:16:46.096ShapeTest,14F 15T 16F 17F,0,2025-03-22 12:16:46.096
EfficientSearchTest,1T 2T 3T 4T 5T 6T,1,2025-03-22 12:16:46.096AnagramTests,7T 8T 9T 10T 11T 12T 13T,1,2025-03-22 12:16:46.096ShapeTest,14F 15T 16F 17F,0,2025-03-22 12:16:46.096NGramCountingTests,18F 19T 20T 21F,0,2025-03-22 12:16:46.096
EfficientSearchTest,1T 2T 3T 4T 5T 6T,1,2025-03-22 12:16:46.096AnagramTests,7T 8T 9T 10T 11T 12T 13T,1,2025-03-22 12:16:46.096ShapeTest,14F 15T 16F 17F,0,2025-03-22 12:16:46.096NGramCountingTests,18F 19T 20T 21F,0,2025-03-22 12:16:46.096EuclidTest,22T 23T 24T 25F 26T,0,2025-03-22 12:16:46.096
EfficientSearchTest,1T 2T 3T 4T 5T 6T,1,2025-03-22 12:16:46.096AnagramTests,7T 8T 9T 10T 11T 12T 13T,1,2025-03-22 12:16:46.096ShapeTest,14F 15T 16F 17F,0,2025-03-22 12:16:46.096NGramCountingTests,18F 19T 20T 21F,0,2025-03-22 12:16:46.096EuclidTest,22T 23T 24T 25F 26T,0,2025-03-22 12:16:46.096SortedLinkedListTests,27F 28F 29F 30F 31T,0,2025-03-22 12:16:46.096
EfficientSearchTest,1T 2T 3T 4T 5T 6T,1,2025-03-22 12:16:46.096AnagramTests,7T 8T 9T 10T 11T 12T 13T,1,2025-03-22 12:16:46.096ShapeTest,14F 15T 16F 17F,0,2025-03-22 12:16:46.096NGramCountingTests,18F 19T 20T 21F,0,2025-03-22 12:16:46.096EuclidTest,22T 23T 24T 25F 26T,0,2025-03-22 12:16:46.096SortedLinkedListTests,27F 28F 29F 30F 31T,0,2025-03-22 12:16:46.096ArrayListMinPQTest,32T 33F 34T 35T 36T 37T 38T 39T 40T,0,2025-03-22 12:16:46.096
EfficientSearchTest,1T 2T 3T 4T 5T 6T,1,2025-03-22 12:19:46.663
EfficientSearchTest,1T 2T 3T 4T 5T 6T,1,2025-03-22 12:20:47.426
EfficientSearchTest,1T 2T 3T 4T 5T 6T,1,2025-03-22 12:20:47.426AnagramTests,7T 8T 9T 10T 11T 12T 13T,1,2025-03-22 12:20:47.426
EfficientSearchTest,1T 2T 3T 4T 5T 6T,1,2025-03-22 12:20:47.426AnagramTests,7T 8T 9T 10T 11T 12T 13T,1,2025-03-22 12:20:47.426ShapeTest,14F 15T 16F 17F,0,2025-03-22 12:20:47.426
EfficientSearchTest,1T 2T 3T 4T 5T 6T,1,2025-03-22 12:20:47.426AnagramTests,7T 8T 9T 10T 11T 12T 13T,1,2025-03-22 12:20:47.426ShapeTest,14F 15T 16F 17F,0,2025-03-22 12:20:47.426NGramCountingTests,18F 19T 20T 21F,0,2025-03-22 12:20:47.426
EfficientSearchTest,1T 2T 3T 4T 5T 6T,1,2025-03-22 12:20:47.426AnagramTests,7T 8T 9T 10T 11T 12T 13T,1,2025-03-22 12:20:47.426ShapeTest,14F 15T 16F 17F,0,2025-03-22 12:20:47.426NGramCountingTests,18F 19T 20T 21F,0,2025-03-22 12:20:47.426EuclidTest,22T 23T 24T 25F 26T,0,2025-03-22 12:20:47.426
EfficientSearchTest,1T 2T 3T 4T 5T 6T,1,2025-03-22 12:20:47.426AnagramTests,7T 8T 9T 10T 11T 12T 13T,1,2025-03-22 12:20:47.426ShapeTest,14F 15T 16F 17F,0,2025-03-22 12:20:47.426NGramCountingTests,18F 19T 20T 21F,0,2025-03-22 12:20:47.426EuclidTest,22T 23T 24T 25F 26T,0,2025-03-22 12:20:47.426SortedLinkedListTests,27F 28F 29F 30F 31T,0,2025-03-22 12:20:47.426
EfficientSearchTest,1T 2T 3T 4T 5T 6T,1,2025-03-22 12:20:47.426AnagramTests,7T 8T 9T 10T 11T 12T 13T,1,2025-03-22 12:20:47.426ShapeTest,14F 15T 16F 17F,0,2025-03-22 12:20:47.426NGramCountingTests,18F 19T 20T 21F,0,2025-03-22 12:20:47.426EuclidTest,22T 23T 24T 25F 26T,0,2025-03-22 12:20:47.426SortedLinkedListTests,27F 28F 29F 30F 31T,0,2025-03-22 12:20:47.426ArrayListMinPQTest,32T 33F 34T 35T 36T 37T 38T 39T 40T,0,2025-03-22 12:20:47.426
EfficientSearchTest,1T 2T 3T 4T 5T 6T,1,2025-03-23 16:20:39.616
EfficientSearchTest,1T 2T 3T 4T 5T 6T,1,2025-03-23 16:20:39.616AnagramTests,7T 8T 9T 10T 11T 12T 13T,1,2025-03-23 16:20:39.616
EfficientSearchTest,1T 2T 3T 4T 5T 6T,1,2025-03-23 16:20:39.616AnagramTests,7T 8T 9T 10T 11T 12T 13T,1,2025-03-23 16:20:39.616ShapeTest,14F 15T 16F 17F,0,2025-03-23 16:20:39.616
EfficientSearchTest,1T 2T 3T 4T 5T 6T,1,2025-03-23 16:20:39.616AnagramTests,7T 8T 9T 10T 11T 12T 13T,1,2025-03-23 16:20:39.616ShapeTest,14F 15T 16F 17F,0,2025-03-23 16:20:39.616NGramCountingTests,18F 19T 20T 21F,0,2025-03-23 16:20:39.616
EfficientSearchTest,1T 2T 3T 4T 5T 6T,1,2025-03-23 16:20:39.616AnagramTests,7T 8T 9T 10T 11T 12T 13T,1,2025-03-23 16:20:39.616ShapeTest,14F 15T 16F 17F,0,2025-03-23 16:20:39.616NGramCountingTests,18F 19T 20T 21F,0,2025-03-23 16:20:39.616EuclidTest,22T 23T 24T 25F 26T,0,2025-03-23 16:20:39.616
EfficientSearchTest,1T 2T 3T 4T 5T 6T,1,2025-03-23 16:20:39.616AnagramTests,7T 8T 9T 10T 11T 12T 13T,1,2025-03-23 16:20:39.616ShapeTest,14F 15T 16F 17F,0,2025-03-23 16:20:39.616NGramCountingTests,18F 19T 20T 21F,0,2025-03-23 16:20:39.616EuclidTest,22T 23T 24T 25F 26T,0,2025-03-23 16:20:39.616SortedLinkedListTests,27F 28F 29F 30F 31T,0,2025-03-23 16:20:39.616
EfficientSearchTest,1T 2T 3T 4T 5T 6T,1,2025-03-23 16:20:39.616AnagramTests,7T 8T 9T 10T 11T 12T 13T,1,2025-03-23 16:20:39.616ShapeTest,14F 15T 16F 17F,0,2025-03-23 16:20:39.616NGramCountingTests,18F 19T 20T 21F,0,2025-03-23 16:20:39.616EuclidTest,22T 23T 24T 25F 26T,0,2025-03-23 16:20:39.616SortedLinkedListTests,27F 28F 29F 30F 31T,0,2025-03-23 16:20:39.616ArrayListMinPQTest,32T 33F 34T 35T 36T 37T 38T 39T 40T,0,2025-03-23 16:20:39.616
EfficientSearchTest,1T 2T 3T 4T 5T 6T,1,2025-03-23 16:48:16.039
EfficientSearchTest,1T 2T 3T 4T 5T 6T,1,2025-03-23 16:48:16.039AnagramTests,7T 8T 9T 10T 11T 12T 13T,1,2025-03-23 16:48:16.039
EfficientSearchTest,1T 2T 3T 4T 5T 6T,1,2025-03-23 16:48:16.039AnagramTests,7T 8T 9T 10T 11T 12T 13T,1,2025-03-23 16:48:16.039ShapeTest,14F 15T 16F 17F,0,2025-03-23 16:48:16.039
EfficientSearchTest,1T 2T 3T 4T 5T 6T,1,2025-03-23 16:48:16.039AnagramTests,7T 8T 9T 10T 11T 12T 13T,1,2025-03-23 16:48:16.039ShapeTest,14F 15T 16F 17F,0,2025-03-23 16:48:16.039NGramCountingTests,18F 19T 20T 21F,0,2025-03-23 16:48:16.039
EfficientSearchTest,1T 2T 3T 4T 5T 6T,1,2025-03-23 16:48:16.039AnagramTests,7T 8T 9T 10T 11T 12T 13T,1,2025-03-23 16:48:16.039ShapeTest,14F 15T 16F 17F,0,2025-03-23 16:48:16.039NGramCountingTests,18F 19T 20T 21F,0,2025-03-23 16:48:16.039EuclidTest,22T 23T 24T 25F 26T,0,2025-03-23 16:48:16.039
EfficientSearchTest,1T 2T 3T 4T 5T 6T,1,2025-03-23 16:48:16.039AnagramTests,7T 8T 9T 10T 11T 12T 13T,1,2025-03-23 16:48:16.039ShapeTest,14F 15T 16F 17F,0,2025-03-23 16:48:16.039NGramCountingTests,18F 19T 20T 21F,0,2025-03-23 16:48:16.039EuclidTest,22T 23T 24T 25F 26T,0,2025-03-23 16:48:16.039SortedLinkedListTests,27F 28F 29F 30F 31T,0,2025-03-23 16:48:16.039
EfficientSearchTest,1T 2T 3T 4T 5T 6T,1,2025-03-23 16:48:16.039AnagramTests,7T 8T 9T 10T 11T 12T 13T,1,2025-03-23 16:48:16.039ShapeTest,14F 15T 16F 17F,0,2025-03-23 16:48:16.039NGramCountingTests,18F 19T 20T 21F,0,2025-03-23 16:48:16.039EuclidTest,22T 23T 24T 25F 26T,0,2025-03-23 16:48:16.039SortedLinkedListTests,27F 28F 29F 30F 31T,0,2025-03-23 16:48:16.039ArrayListMinPQTest,32T 33F 34T 35T 36T 37T 38T 39T 40T,0,2025-03-23 16:48:16.039
EfficientSearchTest,1T 2T 3T 4T 5T 6T,1,2025-03-23 16:49:07.209
EfficientSearchTest,1T 2T 3T 4T 5T 6T,1,2025-03-23 16:49:07.209AnagramTests,7T 8T 9T 10T 11T 12T 13T,1,2025-03-23 16:49:07.209
EfficientSearchTest,1T 2T 3T 4T 5T 6T,1,2025-03-23 16:49:07.209AnagramTests,7T 8T 9T 10T 11T 12T 13T,1,2025-03-23 16:49:07.209ShapeTest,14F 15T 16F 17F,0,2025-03-23 16:49:07.209
EfficientSearchTest,1T 2T 3T 4T 5T 6T,1,2025-03-23 16:49:07.209AnagramTests,7T 8T 9T 10T 11T 12T 13T,1,2025-03-23 16:49:07.209ShapeTest,14F 15T 16F 17F,0,2025-03-23 16:49:07.209NGramCountingTests,18F 19T 20T 21F,0,2025-03-23 16:49:07.209
EfficientSearchTest,1T 2T 3T 4T 5T 6T,1,2025-03-23 16:49:07.209AnagramTests,7T 8T 9T 10T 11T 12T 13T,1,2025-03-23 16:49:07.209ShapeTest,14F 15T 16F 17F,0,2025-03-23 16:49:07.209NGramCountingTests,18F 19T 20T 21F,0,2025-03-23 16:49:07.209EuclidTest,22T 23T 24T 25F 26T,0,2025-03-23 16:49:07.209
EfficientSearchTest,1T 2T 3T 4T 5T 6T,1,2025-03-23 16:49:07.209AnagramTests,7T 8T 9T 10T 11T 12T 13T,1,2025-03-23 16:49:07.209ShapeTest,14F 15T 16F 17F,0,2025-03-23 16:49:07.209NGramCountingTests,18F 19T 20T 21F,0,2025-03-23 16:49:07.209EuclidTest,22T 23T 24T 25F 26T,0,2025-03-23 16:49:07.209SortedLinkedListTests,27F 28F 29F 30F 31T,0,2025-03-23 16:49:07.209
EfficientSearchTest,1T 2T 3T 4T 5T 6T,1,2025-03-23 16:49:07.209AnagramTests,7T 8T 9T 10T 11T 12T 13T,1,2025-03-23 16:49:07.209ShapeTest,14F 15T 16F 17F,0,2025-03-23 16:49:07.209NGramCountingTests,18F 19T 20T 21F,0,2025-03-23 16:49:07.209EuclidTest,22T 23T 24T 25F 26T,0,2025-03-23 16:49:07.209SortedLinkedListTests,27F 28F 29F 30F 31T,0,2025-03-23 16:49:07.209ArrayListMinPQTest,32T 33F 34T 35T 36T 37T 38T 39T 40T,0,2025-03-23 16:49:07.209
EfficientSearchTest,1T 2T 3T 4T 5T 6T,1,2025-03-23 16:49:31.264
EfficientSearchTest,1T 2T 3T 4T 5T 6T,1,2025-03-23 16:50:39.017
EfficientSearchTest,1T 2T 3T 4T 5T 6T,1,2025-03-23 16:51:56.541
AnagramTests,1T 2T 3T 4T 5T 6T 7T,1,2025-03-23 16:55:19.247
AnagramTests,1T 2T 3T 4T 5T 6T 7T,1,2025-03-23 16:55:19.247ShapeTest,8F 9T 10F 11F,0,2025-03-23 16:55:19.247
AnagramTests,1T 2T 3T 4T 5T 6T 7T,1,2025-03-23 16:55:19.247ShapeTest,8F 9T 10F 11F,0,2025-03-23 16:55:19.247NGramCountingTests,12F 13T 14T 15F,0,2025-03-23 16:55:19.247
AnagramTests,1T 2T 3T 4T 5T 6T 7T,1,2025-03-23 16:55:19.247ShapeTest,8F 9T 10F 11F,0,2025-03-23 16:55:19.247NGramCountingTests,12F 13T 14T 15F,0,2025-03-23 16:55:19.247EuclidTest,16T 17T 18T 19F 20T,0,2025-03-23 16:55:19.247
AnagramTests,1T 2T 3T 4T 5T 6T 7T,1,2025-03-23 16:55:19.247ShapeTest,8F 9T 10F 11F,0,2025-03-23 16:55:19.247NGramCountingTests,12F 13T 14T 15F,0,2025-03-23 16:55:19.247EuclidTest,16T 17T 18T 19F 20T,0,2025-03-23 16:55:19.247SortedLinkedListTests,21F 22F 23F 24F 25T,0,2025-03-23 16:55:19.247
AnagramTests,1T 2T 3T 4T 5T 6T 7T,1,2025-03-23 16:55:19.247ShapeTest,8F 9T 10F 11F,0,2025-03-23 16:55:19.247NGramCountingTests,12F 13T 14T 15F,0,2025-03-23 16:55:19.247EuclidTest,16T 17T 18T 19F 20T,0,2025-03-23 16:55:19.247SortedLinkedListTests,21F 22F 23F 24F 25T,0,2025-03-23 16:55:19.247ArrayListMinPQTest,26T 27F 28T 29T 30T 31T 32T 33T 34T,0,2025-03-23 16:55:19.247
AnagramTests,1T 2T 3T 4T 5T 6T 7T,1,2025-03-23 16:56:12.543
EfficientSearchTest,1T 2T 3T 4T 5T 6T,1,2025-03-23 17:38:36.543
EfficientSearchTest,1T 2T 3T 4T 5T 6T,1,2025-03-23 17:38:36.543AnagramTests,7T 8T 9T 10T 11T 12T 13T,1,2025-03-23 17:38:36.543
EfficientSearchTest,1T 2T 3T 4T 5T 6T,1,2025-03-23 17:38:36.543AnagramTests,7T 8T 9T 10T 11T 12T 13T,1,2025-03-23 17:38:36.543ShapeTest,14F 15T 16F 17F,0,2025-03-23 17:38:36.543
EfficientSearchTest,1T 2T 3T 4T 5T 6T,1,2025-03-23 17:38:36.543AnagramTests,7T 8T 9T 10T 11T 12T 13T,1,2025-03-23 17:38:36.543ShapeTest,14F 15T 16F 17F,0,2025-03-23 17:38:36.543NGramCountingTests,18F 19T 20T 21F,0,2025-03-23 17:38:36.543
EfficientSearchTest,1T 2T 3T 4T 5T 6T,1,2025-03-23 17:38:36.543AnagramTests,7T 8T 9T 10T 11T 12T 13T,1,2025-03-23 17:38:36.543ShapeTest,14F 15T 16F 17F,0,2025-03-23 17:38:36.543NGramCountingTests,18F 19T 20T 21F,0,2025-03-23 17:38:36.543EuclidTest,22T 23T 24T 25F 26T,0,2025-03-23 17:38:36.543
EfficientSearchTest,1T 2T 3T 4T 5T 6T,1,2025-03-23 17:38:36.543AnagramTests,7T 8T 9T 10T 11T 12T 13T,1,2025-03-23 17:38:36.543ShapeTest,14F 15T 16F 17F,0,2025-03-23 17:38:36.543NGramCountingTests,18F 19T 20T 21F,0,2025-03-23 17:38:36.543EuclidTest,22T 23T 24T 25F 26T,0,2025-03-23 17:38:36.543SortedLinkedListTests,27F 28F 29F 30F 31T,0,2025-03-23 17:38:36.543
EfficientSearchTest,1T 2T 3T 4T 5T 6T,1,2025-03-23 17:38:36.543AnagramTests,7T 8T 9T 10T 11T 12T 13T,1,2025-03-23 17:38:36.543ShapeTest,14F 15T 16F 17F,0,2025-03-23 17:38:36.543NGramCountingTests,18F 19T 20T 21F,0,2025-03-23 17:38:36.543EuclidTest,22T 23T 24T 25F 26T,0,2025-03-23 17:38:36.543SortedLinkedListTests,27F 28F 29F 30F 31T,0,2025-03-23 17:38:36.543ArrayListMinPQTest,32T 33F 34T 35T 36T 37T 38T 39T 40T,0,2025-03-23 17:38:36.543
EfficientSearchTest,1T 2T 3T 4T 5T 6T,1,2025-03-23 17:40:31.612
EfficientSearchTest,1T 2T 3T 4T 5T 6T,1,2025-03-23 17:40:31.612AnagramTests,7T 8T 9T 10T 11T 12T 13T,1,2025-03-23 17:40:31.612
EfficientSearchTest,1T 2T 3T 4T 5T 6T,1,2025-03-23 17:40:31.612AnagramTests,7T 8T 9T 10T 11T 12T 13T,1,2025-03-23 17:40:31.612ShapeTest,14F 15T 16F 17F,0,2025-03-23 17:40:31.612
EfficientSearchTest,1T 2T 3T 4T 5T 6T,1,2025-03-23 17:40:31.612AnagramTests,7T 8T 9T 10T 11T 12T 13T,1,2025-03-23 17:40:31.612ShapeTest,14F 15T 16F 17F,0,2025-03-23 17:40:31.612NGramCountingTests,18F 19T 20T 21F,0,2025-03-23 17:40:31.612
EfficientSearchTest,1T 2T 3T 4T 5T 6T,1,2025-03-23 17:40:31.612AnagramTests,7T 8T 9T 10T 11T 12T 13T,1,2025-03-23 17:40:31.612ShapeTest,14F 15T 16F 17F,0,2025-03-23 17:40:31.612NGramCountingTests,18F 19T 20T 21F,0,2025-03-23 17:40:31.612EuclidTest,22T 23T 24T 25F 26T,0,2025-03-23 17:40:31.612
EfficientSearchTest,1T 2T 3T 4T 5T 6T,1,2025-03-23 17:40:31.612AnagramTests,7T 8T 9T 10T 11T 12T 13T,1,2025-03-23 17:40:31.612ShapeTest,14F 15T 16F 17F,0,2025-03-23 17:40:31.612NGramCountingTests,18F 19T 20T 21F,0,2025-03-23 17:40:31.612EuclidTest,22T 23T 24T 25F 26T,0,2025-03-23 17:40:31.612SortedLinkedListTests,27F 28F 29F 30F 31T,0,2025-03-23 17:40:31.612
EfficientSearchTest,1T 2T 3T 4T 5T 6T,1,2025-03-23 17:40:31.612AnagramTests,7T 8T 9T 10T 11T 12T 13T,1,2025-03-23 17:40:31.612ShapeTest,14F 15T 16F 17F,0,2025-03-23 17:40:31.612NGramCountingTests,18F 19T 20T 21F,0,2025-03-23 17:40:31.612EuclidTest,22T 23T 24T 25F 26T,0,2025-03-23 17:40:31.612SortedLinkedListTests,27F 28F 29F 30F 31T,0,2025-03-23 17:40:31.612ArrayListMinPQTest,32T 33F 34T 35T 36T 37T 38T 39T 40T,0,2025-03-23 17:40:31.612
EfficientSearchTest,1T 2T 3T 4T 5T 6T,1,2025-03-23 17:41:11.472
EfficientSearchTest,1T 2T 3T 4T 5T 6T,1,2025-03-23 17:41:11.472AnagramTests,7T 8T 9T 10T 11T 12T 13T,1,2025-03-23 17:41:11.472
EfficientSearchTest,1T 2T 3T 4T 5T 6T,1,2025-03-23 17:41:11.472AnagramTests,7T 8T 9T 10T 11T 12T 13T,1,2025-03-23 17:41:11.472ShapeTest,14F 15T 16F 17F,0,2025-03-23 17:41:11.472
EfficientSearchTest,1T 2T 3T 4T 5T 6T,1,2025-03-23 17:41:11.472AnagramTests,7T 8T 9T 10T 11T 12T 13T,1,2025-03-23 17:41:11.472ShapeTest,14F 15T 16F 17F,0,2025-03-23 17:41:11.472NGramCountingTests,18F 19T 20T 21F,0,2025-03-23 17:41:11.472
EfficientSearchTest,1T 2T 3T 4T 5T 6T,1,2025-03-23 17:41:11.472AnagramTests,7T 8T 9T 10T 11T 12T 13T,1,2025-03-23 17:41:11.472ShapeTest,14F 15T 16F 17F,0,2025-03-23 17:41:11.472NGramCountingTests,18F 19T 20T 21F,0,2025-03-23 17:41:11.472EuclidTest,22T 23T 24T 25F 26T,0,2025-03-23 17:41:11.472
EfficientSearchTest,1T 2T 3T 4T 5T 6T,1,2025-03-23 17:41:11.472AnagramTests,7T 8T 9T 10T 11T 12T 13T,1,2025-03-23 17:41:11.472ShapeTest,14F 15T 16F 17F,0,2025-03-23 17:41:11.472NGramCountingTests,18F 19T 20T 21F,0,2025-03-23 17:41:11.472EuclidTest,22T 23T 24T 25F 26T,0,2025-03-23 17:41:11.472SortedLinkedListTests,27F 28F 29F 30F 31T,0,2025-03-23 17:41:11.472
EfficientSearchTest,1T 2T 3T 4T 5T 6T,1,2025-03-23 17:41:11.472AnagramTests,7T 8T 9T 10T 11T 12T 13T,1,2025-03-23 17:41:11.472ShapeTest,14F 15T 16F 17F,0,2025-03-23 17:41:11.472NGramCountingTests,18F 19T 20T 21F,0,2025-03-23 17:41:11.472EuclidTest,22T 23T 24T 25F 26T,0,2025-03-23 17:41:11.472SortedLinkedListTests,27F 28F 29F 30F 31T,0,2025-03-23 17:41:11.472ArrayListMinPQTest,32T 33F 34T 35T 36T 37T 38T 39T 40T,0,2025-03-23 17:41:11.472
EfficientSearchTest,1T 2T 3T 4T 5T 6T,1,2025-03-23 17:43:42.65
EfficientSearchTest,1T 2T 3T 4T 5T 6T,1,2025-03-23 17:43:42.65AnagramTests,7T 8T 9T 10T 11T 12T 13T,1,2025-03-23 17:43:42.65
EfficientSearchTest,1T 2T 3T 4T 5T 6T,1,2025-03-23 17:43:42.65AnagramTests,7T 8T 9T 10T 11T 12T 13T,1,2025-03-23 17:43:42.65ShapeTest,14F 15T 16F 17F,0,2025-03-23 17:43:42.65
EfficientSearchTest,1T 2T 3T 4T 5T 6T,1,2025-03-23 17:43:42.65AnagramTests,7T 8T 9T 10T 11T 12T 13T,1,2025-03-23 17:43:42.65ShapeTest,14F 15T 16F 17F,0,2025-03-23 17:43:42.65NGramCountingTests,18F 19T 20T 21F,0,2025-03-23 17:43:42.65
EfficientSearchTest,1T 2T 3T 4T 5T 6T,1,2025-03-23 17:43:42.65AnagramTests,7T 8T 9T 10T 11T 12T 13T,1,2025-03-23 17:43:42.65ShapeTest,14F 15T 16F 17F,0,2025-03-23 17:43:42.65NGramCountingTests,18F 19T 20T 21F,0,2025-03-23 17:43:42.65EuclidTest,22T 23T 24T 25F 26T,0,2025-03-23 17:43:42.65
EfficientSearchTest,1T 2T 3T 4T 5T 6T,1,2025-03-23 17:43:42.65AnagramTests,7T 8T 9T 10T 11T 12T 13T,1,2025-03-23 17:43:42.65ShapeTest,14F 15T 16F 17F,0,2025-03-23 17:43:42.65NGramCountingTests,18F 19T 20T 21F,0,2025-03-23 17:43:42.65EuclidTest,22T 23T 24T 25F 26T,0,2025-03-23 17:43:42.65SortedLinkedListTests,27F 28F 29F 30F 31T,0,2025-03-23 17:43:42.65
EfficientSearchTest,1T 2T 3T 4T 5T 6T,1,2025-03-23 17:43:42.65AnagramTests,7T 8T 9T 10T 11T 12T 13T,1,2025-03-23 17:43:42.65ShapeTest,14F 15T 16F 17F,0,2025-03-23 17:43:42.65NGramCountingTests,18F 19T 20T 21F,0,2025-03-23 17:43:42.65EuclidTest,22T 23T 24T 25F 26T,0,2025-03-23 17:43:42.65SortedLinkedListTests,27F 28F 29F 30F 31T,0,2025-03-23 17:43:42.65ArrayListMinPQTest,32T 33F 34T 35T 36T 37T 38T 39T 40T,0,2025-03-23 17:43:42.65
EfficientSearchTest,1T 2T 3T 4T 5T 6T,1,2025-03-23 17:44:48.941
EfficientSearchTest,1T 2T 3T 4T 5T 6T,1,2025-03-23 17:44:48.941AnagramTests,7T 8T 9T 10T 11T 12T 13T,1,2025-03-23 17:44:48.941
EfficientSearchTest,1T 2T 3T 4T 5T 6T,1,2025-03-23 17:44:48.941AnagramTests,7T 8T 9T 10T 11T 12T 13T,1,2025-03-23 17:44:48.941ShapeTest,14F 15T 16F 17F,0,2025-03-23 17:44:48.941
EfficientSearchTest,1T 2T 3T 4T 5T 6T,1,2025-03-23 17:44:48.941AnagramTests,7T 8T 9T 10T 11T 12T 13T,1,2025-03-23 17:44:48.941ShapeTest,14F 15T 16F 17F,0,2025-03-23 17:44:48.941NGramCountingTests,18F 19T 20T 21F,0,2025-03-23 17:44:48.941
EfficientSearchTest,1T 2T 3T 4T 5T 6T,1,2025-03-23 17:44:48.941AnagramTests,7T 8T 9T 10T 11T 12T 13T,1,2025-03-23 17:44:48.941ShapeTest,14F 15T 16F 17F,0,2025-03-23 17:44:48.941NGramCountingTests,18F 19T 20T 21F,0,2025-03-23 17:44:48.941EuclidTest,22T 23T 24T 25F 26T,0,2025-03-23 17:44:48.941
EfficientSearchTest,1T 2T 3T 4T 5T 6T,1,2025-03-23 17:44:48.941AnagramTests,7T 8T 9T 10T 11T 12T 13T,1,2025-03-23 17:44:48.941ShapeTest,14F 15T 16F 17F,0,2025-03-23 17:44:48.941NGramCountingTests,18F 19T 20T 21F,0,2025-03-23 17:44:48.941EuclidTest,22T 23T 24T 25F 26T,0,2025-03-23 17:44:48.941SortedLinkedListTests,27F 28F 29F 30F 31T,0,2025-03-23 17:44:48.941
EfficientSearchTest,1T 2T 3T 4T 5T 6T,1,2025-03-23 17:44:48.941AnagramTests,7T 8T 9T 10T 11T 12T 13T,1,2025-03-23 17:44:48.941ShapeTest,14F 15T 16F 17F,0,2025-03-23 17:44:48.941NGramCountingTests,18F 19T 20T 21F,0,2025-03-23 17:44:48.941EuclidTest,22T 23T 24T 25F 26T,0,2025-03-23 17:44:48.941SortedLinkedListTests,27F 28F 29F 30F 31T,0,2025-03-23 17:44:48.941ArrayListMinPQTest,32T 33F 34T 35T 36T 37T 38T 39T 40T,0,2025-03-23 17:44:48.941
EfficientSearchTest,1T 2T 3T 4T 5T 6T,1,2025-03-23 17:45:06.051
EfficientSearchTest,1T 2T 3T 4T 5T 6T,1,2025-03-23 17:45:06.051AnagramTests,7T 8T 9T 10T 11T 12T 13T,1,2025-03-23 17:45:06.051
EfficientSearchTest,1T 2T 3T 4T 5T 6T,1,2025-03-23 17:45:06.051AnagramTests,7T 8T 9T 10T 11T 12T 13T,1,2025-03-23 17:45:06.051ShapeTest,14F 15T 16F 17F,0,2025-03-23 17:45:06.051
EfficientSearchTest,1T 2T 3T 4T 5T 6T,1,2025-03-23 17:45:06.051AnagramTests,7T 8T 9T 10T 11T 12T 13T,1,2025-03-23 17:45:06.051ShapeTest,14F 15T 16F 17F,0,2025-03-23 17:45:06.051NGramCountingTests,18F 19T 20T 21F,0,2025-03-23 17:45:06.051
EfficientSearchTest,1T 2T 3T 4T 5T 6T,1,2025-03-23 17:45:06.051AnagramTests,7T 8T 9T 10T 11T 12T 13T,1,2025-03-23 17:45:06.051ShapeTest,14F 15T 16F 17F,0,2025-03-23 17:45:06.051NGramCountingTests,18F 19T 20T 21F,0,2025-03-23 17:45:06.051EuclidTest,22T 23T 24T 25F 26T,0,2025-03-23 17:45:06.051
EfficientSearchTest,1T 2T 3T 4T 5T 6T,1,2025-03-23 17:45:06.051AnagramTests,7T 8T 9T 10T 11T 12T 13T,1,2025-03-23 17:45:06.051ShapeTest,14F 15T 16F 17F,0,2025-03-23 17:45:06.051NGramCountingTests,18F 19T 20T 21F,0,2025-03-23 17:45:06.051EuclidTest,22T 23T 24T 25F 26T,0,2025-03-23 17:45:06.051SortedLinkedListTests,27F 28F 29F 30F 31T,0,2025-03-23 17:45:06.051
EfficientSearchTest,1T 2T 3T 4T 5T 6T,1,2025-03-23 17:45:06.051AnagramTests,7T 8T 9T 10T 11T 12T 13T,1,2025-03-23 17:45:06.051ShapeTest,14F 15T 16F 17F,0,2025-03-23 17:45:06.051NGramCountingTests,18F 19T 20T 21F,0,2025-03-23 17:45:06.051EuclidTest,22T 23T 24T 25F 26T,0,2025-03-23 17:45:06.051SortedLinkedListTests,27F 28F 29F 30F 31T,0,2025-03-23 17:45:06.051ArrayListMinPQTest,32T 33F 34T 35T 36T 37T 38T 39T 40T,0,2025-03-23 17:45:06.051
EfficientSearchTest,1T 2T 3T 4T 5T 6T,1,2025-03-23 17:46:45.261
EfficientSearchTest,1T 2T 3T 4T 5T 6T,1,2025-03-23 17:46:45.261AnagramTests,7T 8T 9T 10T 11T 12T 13T,1,2025-03-23 17:46:45.261
EfficientSearchTest,1T 2T 3T 4T 5T 6T,1,2025-03-23 17:46:45.261AnagramTests,7T 8T 9T 10T 11T 12T 13T,1,2025-03-23 17:46:45.261ShapeTest,14F 15T 16F 17F,0,2025-03-23 17:46:45.261
EfficientSearchTest,1T 2T 3T 4T 5T 6T,1,2025-03-23 17:46:45.261AnagramTests,7T 8T 9T 10T 11T 12T 13T,1,2025-03-23 17:46:45.261ShapeTest,14F 15T 16F 17F,0,2025-03-23 17:46:45.261NGramCountingTests,18F 19T 20T 21F,0,2025-03-23 17:46:45.261
EfficientSearchTest,1T 2T 3T 4T 5T 6T,1,2025-03-23 17:46:45.261AnagramTests,7T 8T 9T 10T 11T 12T 13T,1,2025-03-23 17:46:45.261ShapeTest,14F 15T 16F 17F,0,2025-03-23 17:46:45.261NGramCountingTests,18F 19T 20T 21F,0,2025-03-23 17:46:45.261EuclidTest,22T 23T 24T 25F 26T,0,2025-03-23 17:46:45.261
EfficientSearchTest,1T 2T 3T 4T 5T 6T,1,2025-03-23 17:46:45.261AnagramTests,7T 8T 9T 10T 11T 12T 13T,1,2025-03-23 17:46:45.261ShapeTest,14F 15T 16F 17F,0,2025-03-23 17:46:45.261NGramCountingTests,18F 19T 20T 21F,0,2025-03-23 17:46:45.261EuclidTest,22T 23T 24T 25F 26T,0,2025-03-23 17:46:45.261SortedLinkedListTests,27F 28F 29F 30F 31T,0,2025-03-23 17:46:45.261
EfficientSearchTest,1T 2T 3T 4T 5T 6T,1,2025-03-23 17:46:45.261AnagramTests,7T 8T 9T 10T 11T 12T 13T,1,2025-03-23 17:46:45.261ShapeTest,14F 15T 16F 17F,0,2025-03-23 17:46:45.261NGramCountingTests,18F 19T 20T 21F,0,2025-03-23 17:46:45.261EuclidTest,22T 23T 24T 25F 26T,0,2025-03-23 17:46:45.261SortedLinkedListTests,27F 28F 29F 30F 31T,0,2025-03-23 17:46:45.261ArrayListMinPQTest,32T 33F 34T 35T 36T 37T 38T 39T 40T,0,2025-03-23 17:46:45.261
AnagramTests,1T 2T 3T 4T 5T 6T 7T,1,2025-03-23 17:48:39.357
EfficientSearchTest,1T 2T 3T 4T 5T 6T,1,2025-03-23 17:50:26.571
EfficientSearchTest,1T 2T 3T 4T 5T 6T,1,2025-03-23 17:50:26.571AnagramTests,7T 8T 9T 10T 11T 12T 13T,1,2025-03-23 17:50:26.571
EfficientSearchTest,1T 2T 3T 4T 5T 6T,1,2025-03-23 17:50:26.571AnagramTests,7T 8T 9T 10T 11T 12T 13T,1,2025-03-23 17:50:26.571ShapeTest,14F 15T 16F 17F,0,2025-03-23 17:50:26.571
EfficientSearchTest,1T 2T 3T 4T 5T 6T,1,2025-03-23 17:50:26.571AnagramTests,7T 8T 9T 10T 11T 12T 13T,1,2025-03-23 17:50:26.571ShapeTest,14F 15T 16F 17F,0,2025-03-23 17:50:26.571NGramCountingTests,18F 19T 20T 21F,0,2025-03-23 17:50:26.571
EfficientSearchTest,1T 2T 3T 4T 5T 6T,1,2025-03-23 17:50:26.571AnagramTests,7T 8T 9T 10T 11T 12T 13T,1,2025-03-23 17:50:26.571ShapeTest,14F 15T 16F 17F,0,2025-03-23 17:50:26.571NGramCountingTests,18F 19T 20T 21F,0,2025-03-23 17:50:26.571EuclidTest,22T 23T 24T 25F 26T,0,2025-03-23 17:50:26.571
EfficientSearchTest,1T 2T 3T 4T 5T 6T,1,2025-03-23 17:50:26.571AnagramTests,7T 8T 9T 10T 11T 12T 13T,1,2025-03-23 17:50:26.571ShapeTest,14F 15T 16F 17F,0,2025-03-23 17:50:26.571NGramCountingTests,18F 19T 20T 21F,0,2025-03-23 17:50:26.571EuclidTest,22T 23T 24T 25F 26T,0,2025-03-23 17:50:26.571SortedLinkedListTests,27F 28F 29F 30F 31T,0,2025-03-23 17:50:26.571
EfficientSearchTest,1T 2T 3T 4T 5T 6T,1,2025-03-23 17:50:26.571AnagramTests,7T 8T 9T 10T 11T 12T 13T,1,2025-03-23 17:50:26.571ShapeTest,14F 15T 16F 17F,0,2025-03-23 17:50:26.571NGramCountingTests,18F 19T 20T 21F,0,2025-03-23 17:50:26.571EuclidTest,22T 23T 24T 25F 26T,0,2025-03-23 17:50:26.571SortedLinkedListTests,27F 28F 29F 30F 31T,0,2025-03-23 17:50:26.571ArrayListMinPQTest,32T 33F 34T 35T 36T 37T 38T 39T 40T,0,2025-03-23 17:50:26.571
EfficientSearchTest,1T 2T 3T 4T 5T 6T,1,2025-03-24 10:37:21.467
EfficientSearchTest,1T 2T 3T 4T 5T 6T,1,2025-03-24 10:37:21.467AnagramTests,7T 8T 9T 10T 11T 12T 13T,1,2025-03-24 10:37:21.467
EfficientSearchTest,1T 2T 3T 4T 5T 6T,1,2025-03-24 10:37:21.467AnagramTests,7T 8T 9T 10T 11T 12T 13T,1,2025-03-24 10:37:21.467ShapeTest,14F 15T 16F 17F,0,2025-03-24 10:37:21.467
EfficientSearchTest,1T 2T 3T 4T 5T 6T,1,2025-03-24 10:37:21.467AnagramTests,7T 8T 9T 10T 11T 12T 13T,1,2025-03-24 10:37:21.467ShapeTest,14F 15T 16F 17F,0,2025-03-24 10:37:21.467NGramCountingTests,18F 19T 20T 21F,0,2025-03-24 10:37:21.467
EfficientSearchTest,1T 2T 3T 4T 5T 6T,1,2025-03-24 10:37:21.467AnagramTests,7T 8T 9T 10T 11T 12T 13T,1,2025-03-24 10:37:21.467ShapeTest,14F 15T 16F 17F,0,2025-03-24 10:37:21.467NGramCountingTests,18F 19T 20T 21F,0,2025-03-24 10:37:21.467EuclidTest,22T 23T 24T 25F 26T,0,2025-03-24 10:37:21.467
EfficientSearchTest,1T 2T 3T 4T 5T 6T,1,2025-03-24 10:37:21.467AnagramTests,7T 8T 9T 10T 11T 12T 13T,1,2025-03-24 10:37:21.467ShapeTest,14F 15T 16F 17F,0,2025-03-24 10:37:21.467NGramCountingTests,18F 19T 20T 21F,0,2025-03-24 10:37:21.467EuclidTest,22T 23T 24T 25F 26T,0,2025-03-24 10:37:21.467SortedLinkedListTests,27F 28F 29F 30F 31T,0,2025-03-24 10:37:21.467
EfficientSearchTest,1T 2T 3T 4T 5T 6T,1,2025-03-24 10:37:21.467AnagramTests,7T 8T 9T 10T 11T 12T 13T,1,2025-03-24 10:37:21.467ShapeTest,14F 15T 16F 17F,0,2025-03-24 10:37:21.467NGramCountingTests,18F 19T 20T 21F,0,2025-03-24 10:37:21.467EuclidTest,22T 23T 24T 25F 26T,0,2025-03-24 10:37:21.467SortedLinkedListTests,27F 28F 29F 30F 31T,0,2025-03-24 10:37:21.467ArrayListMinPQTest,32T 33F 34T 35T 36T 37T 38T 39T 40T,0,2025-03-24 10:37:21.467
EfficientSearchTest,1T 2T 3T 4T 5T 6T,1,2025-03-24 10:46:44.84
EfficientSearchTest,1T 2T 3T 4T 5T 6T,1,2025-03-24 10:46:44.84AnagramTests,7T 8T 9T 10T 11T 12T 13T,1,2025-03-24 10:46:44.84
EfficientSearchTest,1T 2T 3T 4T 5T 6T,1,2025-03-24 10:46:44.84AnagramTests,7T 8T 9T 10T 11T 12T 13T,1,2025-03-24 10:46:44.84ShapeTest,14F 15T 16F 17F,0,2025-03-24 10:46:44.84
EfficientSearchTest,1T 2T 3T 4T 5T 6T,1,2025-03-24 10:46:44.84AnagramTests,7T 8T 9T 10T 11T 12T 13T,1,2025-03-24 10:46:44.84ShapeTest,14F 15T 16F 17F,0,2025-03-24 10:46:44.84NGramCountingTests,18F 19T 20T 21F,0,2025-03-24 10:46:44.84
EfficientSearchTest,1T 2T 3T 4T 5T 6T,1,2025-03-24 10:46:44.84AnagramTests,7T 8T 9T 10T 11T 12T 13T,1,2025-03-24 10:46:44.84ShapeTest,14F 15T 16F 17F,0,2025-03-24 10:46:44.84NGramCountingTests,18F 19T 20T 21F,0,2025-03-24 10:46:44.84EuclidTest,22T 23T 24T 25F 26T,0,2025-03-24 10:46:44.84
EfficientSearchTest,1T 2T 3T 4T 5T 6T,1,2025-03-24 10:46:44.84AnagramTests,7T 8T 9T 10T 11T 12T 13T,1,2025-03-24 10:46:44.84ShapeTest,14F 15T 16F 17F,0,2025-03-24 10:46:44.84NGramCountingTests,18F 19T 20T 21F,0,2025-03-24 10:46:44.84EuclidTest,22T 23T 24T 25F 26T,0,2025-03-24 10:46:44.84SortedLinkedListTests,27F 28F 29F 30F 31T,0,2025-03-24 10:46:44.84
EfficientSearchTest,1T 2T 3T 4T 5T 6T,1,2025-03-24 10:46:44.84AnagramTests,7T 8T 9T 10T 11T 12T 13T,1,2025-03-24 10:46:44.84ShapeTest,14F 15T 16F 17F,0,2025-03-24 10:46:44.84NGramCountingTests,18F 19T 20T 21F,0,2025-03-24 10:46:44.84EuclidTest,22T 23T 24T 25F 26T,0,2025-03-24 10:46:44.84SortedLinkedListTests,27F 28F 29F 30F 31T,0,2025-03-24 10:46:44.84ArrayListMinPQTest,32T 33F 34T 35T 36T 37T 38T 39T 40T,0,2025-03-24 10:46:44.84
EfficientSearchTest,1T 2T 3T 4T 5T 6T,1,2025-03-24 10:47:43.799
EfficientSearchTest,1T 2T 3T 4T 5T 6T,1,2025-03-24 10:47:43.799AnagramTests,7T 8T 9T 10T 11T 12T 13T,1,2025-03-24 10:47:43.799
EfficientSearchTest,1T 2T 3T 4T 5T 6T,1,2025-03-24 10:47:43.799AnagramTests,7T 8T 9T 10T 11T 12T 13T,1,2025-03-24 10:47:43.799ShapeTest,14F 15T 16F 17F,0,2025-03-24 10:47:43.799
EfficientSearchTest,1T 2T 3T 4T 5T 6T,1,2025-03-24 10:47:43.799AnagramTests,7T 8T 9T 10T 11T 12T 13T,1,2025-03-24 10:47:43.799ShapeTest,14F 15T 16F 17F,0,2025-03-24 10:47:43.799NGramCountingTests,18F 19T 20T 21F,0,2025-03-24 10:47:43.799
EfficientSearchTest,1T 2T 3T 4T 5T 6T,1,2025-03-24 10:47:43.799AnagramTests,7T 8T 9T 10T 11T 12T 13T,1,2025-03-24 10:47:43.799ShapeTest,14F 15T 16F 17F,0,2025-03-24 10:47:43.799NGramCountingTests,18F 19T 20T 21F,0,2025-03-24 10:47:43.799EuclidTest,22T 23T 24T 25F 26T,0,2025-03-24 10:47:43.799
EfficientSearchTest,1T 2T 3T 4T 5T 6T,1,2025-03-24 10:47:43.799AnagramTests,7T 8T 9T 10T 11T 12T 13T,1,2025-03-24 10:47:43.799ShapeTest,14F 15T 16F 17F,0,2025-03-24 10:47:43.799NGramCountingTests,18F 19T 20T 21F,0,2025-03-24 10:47:43.799EuclidTest,22T 23T 24T 25F 26T,0,2025-03-24 10:47:43.799SortedLinkedListTests,27F 28F 29F 30F 31T,0,2025-03-24 10:47:43.799
EfficientSearchTest,1T 2T 3T 4T 5T 6T,1,2025-03-24 10:47:43.799AnagramTests,7T 8T 9T 10T 11T 12T 13T,1,2025-03-24 10:47:43.799ShapeTest,14F 15T 16F 17F,0,2025-03-24 10:47:43.799NGramCountingTests,18F 19T 20T 21F,0,2025-03-24 10:47:43.799EuclidTest,22T 23T 24T 25F 26T,0,2025-03-24 10:47:43.799SortedLinkedListTests,27F 28F 29F 30F 31T,0,2025-03-24 10:47:43.799ArrayListMinPQTest,32T 33F 34T 35T 36T 37T 38T 39T 40T,0,2025-03-24 10:47:43.799
EfficientSearchTest,1T 2T 3T 4T 5T 6T,1,2025-03-24 10:59:06.635
EfficientSearchTest,1T 2T 3T 4T 5T 6T,1,2025-03-24 10:59:06.635AnagramTests,7T 8T 9T 10T 11T 12T 13T,1,2025-03-24 10:59:06.635
EfficientSearchTest,1T 2T 3T 4T 5T 6T,1,2025-03-24 10:59:06.635AnagramTests,7T 8T 9T 10T 11T 12T 13T,1,2025-03-24 10:59:06.635ShapeTest,14F 15T 16F 17F,0,2025-03-24 10:59:06.635
EfficientSearchTest,1T 2T 3T 4T 5T 6T,1,2025-03-24 10:59:06.635AnagramTests,7T 8T 9T 10T 11T 12T 13T,1,2025-03-24 10:59:06.635ShapeTest,14F 15T 16F 17F,0,2025-03-24 10:59:06.635NGramCountingTests,18F 19T 20T 21F,0,2025-03-24 10:59:06.635
EfficientSearchTest,1T 2T 3T 4T 5T 6T,1,2025-03-24 10:59:06.635AnagramTests,7T 8T 9T 10T 11T 12T 13T,1,2025-03-24 10:59:06.635ShapeTest,14F 15T 16F 17F,0,2025-03-24 10:59:06.635NGramCountingTests,18F 19T 20T 21F,0,2025-03-24 10:59:06.635EuclidTest,22T 23T 24T 25F 26T,0,2025-03-24 10:59:06.635
EfficientSearchTest,1T 2T 3T 4T 5T 6T,1,2025-03-24 10:59:06.635AnagramTests,7T 8T 9T 10T 11T 12T 13T,1,2025-03-24 10:59:06.635ShapeTest,14F 15T 16F 17F,0,2025-03-24 10:59:06.635NGramCountingTests,18F 19T 20T 21F,0,2025-03-24 10:59:06.635EuclidTest,22T 23T 24T 25F 26T,0,2025-03-24 10:59:06.635SortedLinkedListTests,27F 28F 29F 30F 31T,0,2025-03-24 10:59:06.635
EfficientSearchTest,1T 2T 3T 4T 5T 6T,1,2025-03-24 10:59:06.635AnagramTests,7T 8T 9T 10T 11T 12T 13T,1,2025-03-24 10:59:06.635ShapeTest,14F 15T 16F 17F,0,2025-03-24 10:59:06.635NGramCountingTests,18F 19T 20T 21F,0,2025-03-24 10:59:06.635EuclidTest,22T 23T 24T 25F 26T,0,2025-03-24 10:59:06.635SortedLinkedListTests,27F 28F 29F 30F 31T,0,2025-03-24 10:59:06.635ArrayListMinPQTest,32T 33F 34T 35T 36T 37T 38T 39T 40T,0,2025-03-24 10:59:06.635
EfficientSearchTest,1T 2T 3T 4T 5T 6T,1,2025-03-24 11:02:26.555
EfficientSearchTest,1T 2T 3T 4T 5T 6T,1,2025-03-24 11:02:26.555AnagramTests,7T 8T 9T 10T 11T 12T 13T,1,2025-03-24 11:02:26.555
EfficientSearchTest,1T 2T 3T 4T 5T 6T,1,2025-03-24 11:03:37.186
EfficientSearchTest,1T 2T 3T 4T 5T 6T,1,2025-03-24 11:03:37.186AnagramTests,7T 8T 9T 10T 11T 12T 13T,1,2025-03-24 11:03:37.186
EfficientSearchTest,1T 2T 3T 4T 5T 6T,1,2025-03-24 11:05:25.974
EfficientSearchTest,1T 2T 3T 4T 5T 6T,1,2025-03-24 11:05:25.974AnagramTests,7T 8T 9T 10T 11T 12T 13T,1,2025-03-24 11:05:25.974
EfficientSearchTest,1T 2T 3T 4T 5T 6T,1,2025-03-24 11:15:50.152
EfficientSearchTest,1T 2T 3T 4T 5T 6T,1,2025-03-24 11:15:50.152AnagramTests,7T 8T 9T 10T 11T 12T 13T,1,2025-03-24 11:15:50.152
EfficientSearchTest,1T 2T 3T 4T 5T 6T,1,2025-03-24 11:21:21.198
EfficientSearchTest,1T 2T 3T 4T 5T 6T,1,2025-03-24 11:21:21.198AnagramTests,7T 8T 9T 10T 11T 12T 13T,1,2025-03-24 11:21:21.198
EfficientSearchTest,1T 2T 3T 4T 5T 6T,1,2025-03-24 11:21:53.486
EfficientSearchTest,1T 2T 3T 4T 5T 6T,1,2025-03-24 11:21:53.486AnagramTests,7T 8T 9T 10T 11T 12T 13T,1,2025-03-24 11:21:53.486
EfficientSearchTest,1T 2T 3T 4T 5T 6T,1,2025-03-24 11:25:20.539
EfficientSearchTest,1T 2T 3T 4T 5T 6T,1,2025-03-24 11:25:20.539AnagramTests,7T 8T 9T 10T 11T 12T 13T,1,2025-03-24 11:25:20.539
EfficientSearchTest,1T 2T 3T 4T 5T 6T,1,2025-03-24 11:27:52.237
EfficientSearchTest,1T 2T 3T 4T 5T 6T,1,2025-03-24 11:27:52.237AnagramTests,7T 8T 9T 10T 11T 12T 13T,1,2025-03-24 11:27:52.237
EfficientSearchTest,1T 2T 3T 4T 5T 6T,1,2025-03-24 11:31:11.665
EfficientSearchTest,1T 2T 3T 4T 5T 6T,1,2025-03-24 11:31:11.665AnagramTests,7T 8T 9T 10T 11T 12T 13T,1,2025-03-24 11:31:11.665
EfficientSearchTest,1T 2T 3T 4T 5T 6T,1,2025-03-24 11:32:20.578
EfficientSearchTest,1T 2T 3T 4T 5T 6T,1,2025-03-24 11:32:20.578AnagramTests,7T 8T 9T 10T 11T 12T 13T,1,2025-03-24 11:32:20.578
EfficientSearchTest,1T 2T 3T 4T 5T 6T,1,2025-03-24 11:34:40.605
EfficientSearchTest,1T 2T 3T 4T 5T 6T,1,2025-03-24 11:34:40.605AnagramTests,7T 8T 9T 10T 11T 12T 13T,1,2025-03-24 11:34:40.605
EuclidTest2,1T 2T 3T 4F 5T,0,2025-03-25 11:20:30.388
EfficientSearchTest,1T 2T 3T 4T 5T 6T,1,2025-03-25 11:21:32.964
EfficientSearchTest,1T 2T 3T 4T 5T 6T,1,2025-03-25 11:21:32.964AnagramTests,7T 8T 9T 10T 11T 12T 13T,1,2025-03-25 11:21:32.964
EfficientSearchTest,1T 2T 3T 4T 5T 6T,1,2025-03-25 11:22:50.297
EfficientSearchTest,1T 2T 3T 4T 5T 6T,1,2025-03-25 11:22:50.297AnagramTests,7T 8T 9T 10T 11T 12T 13T,1,2025-03-25 11:22:50.297
EfficientSearchTest,1T 2T 3T 4T 5T 6T,1,2025-03-25 11:22:50.297AnagramTests,7T 8T 9T 10T 11T 12T 13T,1,2025-03-25 11:22:50.297NGramCountingTests,14F 15T 16T 17F,0,2025-03-25 11:22:50.297
EfficientSearchTest,1T 2T 3T 4T 5T 6T,1,2025-03-25 11:22:50.297AnagramTests,7T 8T 9T 10T 11T 12T 13T,1,2025-03-25 11:22:50.297NGramCountingTests,14F 15T 16T 17F,0,2025-03-25 11:22:50.297EuclidTest,18T 19T 20T 21F 22T,0,2025-03-25 11:22:50.297
EfficientSearchTest,1T 2T 3T 4T 5T 6T,1,2025-03-25 11:22:50.297AnagramTests,7T 8T 9T 10T 11T 12T 13T,1,2025-03-25 11:22:50.297NGramCountingTests,14F 15T 16T 17F,0,2025-03-25 11:22:50.297EuclidTest,18T 19T 20T 21F 22T,0,2025-03-25 11:22:50.297EuclidTest2,23T 24T 25T 26F 27T,0,2025-03-25 11:22:50.297
EfficientSearchTest,1T 2T 3T 4T 5T 6T,1,2025-03-25 11:22:50.297AnagramTests,7T 8T 9T 10T 11T 12T 13T,1,2025-03-25 11:22:50.297NGramCountingTests,14F 15T 16T 17F,0,2025-03-25 11:22:50.297EuclidTest,18T 19T 20T 21F 22T,0,2025-03-25 11:22:50.297EuclidTest2,23T 24T 25T 26F 27T,0,2025-03-25 11:22:50.297SortedLinkedListTests,28F 29F 30F 31F 32T,0,2025-03-25 11:22:50.297
EfficientSearchTest,1T 2T 3T 4T 5T 6T,1,2025-03-25 11:22:50.297AnagramTests,7T 8T 9T 10T 11T 12T 13T,1,2025-03-25 11:22:50.297NGramCountingTests,14F 15T 16T 17F,0,2025-03-25 11:22:50.297EuclidTest,18T 19T 20T 21F 22T,0,2025-03-25 11:22:50.297EuclidTest2,23T 24T 25T 26F 27T,0,2025-03-25 11:22:50.297SortedLinkedListTests,28F 29F 30F 31F 32T,0,2025-03-25 11:22:50.297ArrayListMinPQTest,33T 34F 35T 36T 37T 38T 39T 40T 41T,0,2025-03-25 11:22:50.297
EfficientSearchTest,1T 2T 3T 4T 5T 6T,1,2025-03-25 11:29:00.003
EfficientSearchTest,1T 2T 3T 4T 5T 6T,1,2025-03-25 11:29:00.003AnagramTests,7T 8T 9T 10T 11T 12T 13T,1,2025-03-25 11:29:00.003
EfficientSearchTest,1T 2T 3T 4T 5T 6T,1,2025-03-25 11:32:45.352
EfficientSearchTest,1T 2T 3T 4T 5T 6T,1,2025-03-25 11:32:45.352AnagramTests,7T 8T 9T 10T 11T 12T 13T,1,2025-03-25 11:32:45.352
EfficientSearchTest,1T 2T 3T 4T 5T 6T,1,2025-03-25 11:40:48.68
EfficientSearchTest,1T 2T 3T 4T 5T 6T,1,2025-03-25 11:40:48.68AnagramTests,7T 8T 9T 10T 11T 12T 13T,1,2025-03-25 11:40:48.68
